Time_s,Coherence,SNR,Frequency_Hz
0.0,0.9602,1.9203,230.5
1.0,0.6052,1.2104,229.0
2.0,0.6,1.2001,229.5
3.0,0.6191,1.2382,227.5
4.0,0.9446,1.8891,227.5
5.0,0.7697,1.5394,229.5
6.0,0.821,1.6421,229.5
7.0,0.8309,1.6618,228.0
8.0,0.7452,1.4904,228.0
9.0,0.5571,1.1142,232.0
10.0,0.808,1.6159,228.5
11.0,0.8221,1.6443,227.5
12.0,0.8097,1.6194,232.5
13.0,0.6034,1.2069,230.0
14.0,0.8575,1.7151,230.0
15.0,0.6603,1.3207,228.5
16.0,0.7802,1.5603,228.5
17.0,0.8836,1.7672,228.5
18.0,0.7089,1.4178,228.5
19.0,0.8099,1.6199,232.5
20.0,0.6308,1.2616,232.0
21.0,0.8977,1.7954,229.0
22.0,0.7607,1.5214,228.0
23.0,0.7556,1.5111,230.5
24.0,0.4468,0.8936,230.5
25.0,0.6264,1.2527,229.5
26.0,0.813,1.6261,232.0
27.0,0.6113,1.2227,230.0
28.0,0.7142,1.4284,228.0
29.0,0.546,1.092,228.0
30.0,0.7988,1.5976,228.5
31.0,0.7986,1.5971,229.0
32.0,0.634,1.2679,232.5
33.0,0.2234,0.4468,228.5
34.0,0.3918,0.7835,229.0
35.0,0.8946,1.7893,230.0
36.0,0.5831,1.1661,232.5
37.0,0.5097,1.0195,228.0
38.0,0.7757,1.5514,230.5
39.0,0.5679,1.1358,231.5
40.0,0.5645,1.1291,232.0
41.0,0.6505,1.301,227.5
42.0,0.7885,1.5771,227.5
43.0,0.8936,1.7872,228.0
44.0,0.6386,1.2772,230.5
45.0,0.9628,1.9257,228.0
46.0,0.8569,1.7138,231.5
47.0,0.4859,0.9718,231.5
48.0,0.6952,1.3904,229.0
49.0,0.7128,1.4257,228.5
50.0,0.9586,1.9173,231.0
51.0,0.5533,1.1067,232.0
52.0,0.8783,1.7566,229.5
53.0,0.8567,1.7135,229.5
54.0,0.5282,1.0564,229.0
55.0,0.7377,1.4754,228.0
56.0,0.8582,1.7164,229.0
57.0,0.6654,1.3308,227.5
58.0,0.7943,1.5886,230.5
59.0,0.7209,1.4418,227.5
60.0,0.7932,1.5864,227.5
61.0,0.7897,1.5794,228.0
62.0,0.8944,1.7887,232.5
63.0,0.4014,0.8027,232.0
64.0,0.8754,1.7507,228.5
65.0,0.5973,1.1947,230.0
66.0,0.8866,1.7732,231.0
67.0,0.7889,1.5777,229.5
68.0,0.8324,1.6647,230.5
69.0,0.8138,1.6276,230.5
70.0,0.4657,0.9314,229.5
71.0,0.6222,1.2444,231.5
72.0,0.7238,1.4475,231.5
73.0,0.572,1.1441,227.5
74.0,0.4461,0.8922,230.0
75.0,0.855,1.71,228.5
76.0,0.7471,1.4942,229.0
77.0,0.5271,1.0542,229.0
78.0,0.6931,1.3861,230.5
79.0,0.8445,1.689,230.5
80.0,0.7243,1.4487,230.5
81.0,0.6582,1.3163,227.5
82.0,0.5272,1.0545,232.5
83.0,0.658,1.316,230.5
84.0,0.9461,1.8922,228.5
85.0,0.9454,1.8909,232.0
86.0,0.8554,1.7109,232.0
87.0,0.8701,1.7402,232.0
88.0,0.9452,1.8905,232.0
89.0,0.7833,1.5666,228.0
90.0,0.7044,1.4089,231.5
91.0,0.9182,1.8365,230.0
92.0,0.878,1.756,230.0
93.0,0.9025,1.805,232.5
94.0,0.5724,1.1448,227.5
95.0,0.8027,1.6054,228.0
96.0,0.7199,1.4397,229.5
97.0,0.9131,1.8263,230.5
98.0,0.7985,1.5971,229.0
99.0,0.7358,1.4716,231.5
100.0,0.919,1.8381,228.5
101.0,0.5543,1.1087,229.5
102.0,0.7432,1.4864,232.5
103.0,0.7049,1.4099,232.5
104.0,0.917,1.834,227.5
105.0,0.6668,1.3336,228.5
106.0,0.5295,1.059,230.0
107.0,0.5788,1.1576,228.5
108.0,0.7832,1.5665,229.0
109.0,0.7849,1.5698,231.5
110.0,0.6794,1.3588,227.5
111.0,0.6682,1.3364,229.0
112.0,0.6606,1.3212,229.0
113.0,0.5736,1.1473,229.5
114.0,0.4538,0.9075,232.5
115.0,0.8905,1.781,232.5
116.0,0.8878,1.7755,230.5
117.0,0.7308,1.4616,229.5
118.0,0.9508,1.9015,227.5
119.0,0.5502,1.1004,229.0
120.0,0.7337,1.4674,230.0
121.0,0.872,1.744,232.0
122.0,0.7665,1.533,232.0
123.0,0.785,1.5701,232.5
124.0,0.769,1.5379,228.0
125.0,0.7352,1.4704,231.5
126.0,0.6144,1.2288,231.0
127.0,0.6112,1.2224,228.0
128.0,0.4161,0.8321,229.5
129.0,0.7556,1.5112,227.5
130.0,0.7081,1.4162,229.0
131.0,0.9043,1.8086,229.5
132.0,0.8688,1.7376,229.5
133.0,0.5592,1.1184,230.5
134.0,0.9094,1.8188,232.0
135.0,0.6605,1.321,230.0
136.0,0.7259,1.4519,231.0
137.0,0.7388,1.4776,229.5
138.0,0.7629,1.5258,228.5
139.0,0.7963,1.5927,228.0
140.0,0.7387,1.4774,232.5
141.0,0.866,1.7321,232.5
142.0,0.8122,1.6245,232.5
143.0,0.6222,1.2443,232.5
144.0,0.6229,1.2458,231.0
145.0,0.5837,1.1673,230.0
146.0,0.7463,1.4927,232.0
147.0,0.6714,1.3428,232.5
148.0,0.7556,1.5112,232.5
149.0,0.6047,1.2093,230.0
150.0,0.672,1.3441,231.0
151.0,0.8038,1.6076,227.5
152.0,0.7752,1.5505,229.5
153.0,0.7568,1.5137,228.5
154.0,0.706,1.412,228.5
155.0,0.8155,1.6309,230.0
156.0,0.9177,1.8355,227.5
157.0,0.7791,1.5581,229.0
158.0,0.7155,1.4311,230.0
159.0,0.7043,1.4086,230.0
160.0,0.753,1.5059,232.0
161.0,0.7484,1.4969,231.0
162.0,0.6717,1.3435,230.5
163.0,0.3429,0.6858,229.0
164.0,0.4668,0.9336,229.0
165.0,0.797,1.594,232.0
166.0,0.8137,1.6274,230.0
167.0,0.7688,1.5375,227.5
168.0,0.4719,0.9438,229.0
169.0,0.8902,1.7804,228.5
170.0,0.8689,1.7377,228.5
171.0,0.9371,1.8742,231.0
172.0,0.7909,1.5818,231.0
173.0,0.6678,1.3357,231.0
174.0,0.3868,0.7736,229.5
175.0,0.5964,1.1928,230.5
176.0,0.8411,1.6822,228.0
177.0,0.8473,1.6947,232.5
178.0,0.5661,1.1323,228.0
179.0,0.6301,1.2602,227.5
180.0,0.7928,1.5856,228.5
181.0,0.8395,1.679,232.0
182.0,0.9108,1.8216,228.0
183.0,0.6925,1.385,231.0
184.0,0.7333,1.4666,232.5
185.0,0.7146,1.4292,230.0
186.0,0.7189,1.4377,231.0
187.0,0.8072,1.6144,232.0
188.0,0.8029,1.6058,228.5
189.0,0.843,1.686,228.5
190.0,0.8412,1.6824,228.0
191.0,0.759,1.5181,228.0
192.0,0.7984,1.5969,232.0
193.0,0.7746,1.5492,229.0
194.0,0.647,1.2939,230.0
195.0,0.7908,1.5817,228.5
196.0,0.7242,1.4484,229.0
197.0,0.7211,1.4422,232.0
198.0,0.9121,1.8243,230.0
199.0,0.7952,1.5904,229.5
200.0,0.863,1.7261,227.5
201.0,0.8479,1.6958,227.5
202.0,0.6166,1.2331,232.5
203.0,0.7908,1.5816,229.5
204.0,0.7409,1.4817,229.5
205.0,0.9645,1.9289,230.0
206.0,0.6116,1.2233,232.5
207.0,0.5607,1.1215,229.0
208.0,0.6626,1.3251,230.0
209.0,0.5967,1.1934,230.0
210.0,0.7287,1.4575,227.5
211.0,0.802,1.604,232.0
212.0,0.8706,1.7411,231.5
213.0,0.7188,1.4375,228.5
214.0,0.9625,1.9249,232.5
215.0,0.8956,1.7912,232.5
216.0,0.7881,1.5762,231.0
217.0,0.8619,1.7237,228.5
218.0,0.8876,1.7752,228.5
219.0,0.7175,1.435,231.0
220.0,0.7715,1.5429,228.0
221.0,0.8504,1.7008,228.0
222.0,0.8369,1.6738,230.0
223.0,0.7844,1.5688,229.5
224.0,0.7367,1.4733,232.5
225.0,0.5714,1.1427,229.5
226.0,0.9586,1.9172,229.0
227.0,0.7566,1.5131,229.0
228.0,0.3045,0.6089,229.5
229.0,0.5689,1.1378,227.5
230.0,0.7867,1.5734,227.5
231.0,0.859,1.718,231.0
232.0,0.8094,1.6188,229.5
233.0,0.7701,1.5402,231.0
234.0,0.799,1.5979,231.5
235.0,0.7625,1.525,232.5
236.0,0.7951,1.5903,232.5
237.0,0.9023,1.8046,229.0
238.0,0.5874,1.1749,232.0
239.0,0.4459,0.8919,232.0
240.0,0.5936,1.1872,232.5
241.0,0.6814,1.3627,228.5
242.0,0.8868,1.7737,228.5
243.0,0.9301,1.8603,228.5
244.0,0.6829,1.3658,228.0
245.0,0.4581,0.9162,230.0
246.0,0.9481,1.8962,231.0
247.0,0.4568,0.9136,230.0
248.0,0.8036,1.6072,231.5
249.0,0.5511,1.1021,227.5
250.0,0.5273,1.0546,232.5
251.0,0.5184,1.0368,228.0
252.0,0.6213,1.2425,228.5
253.0,0.8219,1.6439,228.5
254.0,0.9582,1.9164,228.5
255.0,0.8633,1.7265,231.0
256.0,0.7171,1.4341,232.5
257.0,0.6784,1.3567,232.5
258.0,0.5477,1.0955,228.5
259.0,0.465,0.9301,228.5
260.0,0.4588,0.9177,231.0
261.0,0.7752,1.5504,227.5
262.0,0.8605,1.721,228.0
263.0,0.7069,1.4138,227.5
264.0,0.6943,1.3886,231.0
265.0,0.6033,1.2066,229.0
266.0,0.5963,1.1926,231.5
267.0,0.6765,1.353,231.5
268.0,0.529,1.0579,230.0
269.0,0.8666,1.7331,230.0
270.0,0.7334,1.4668,229.0
271.0,0.8039,1.6078,232.5
272.0,0.7109,1.4217,229.5
273.0,0.641,1.2819,232.5
274.0,0.7181,1.4362,229.0
275.0,0.7969,1.5938,229.0
276.0,0.8329,1.6659,229.0
277.0,0.6232,1.2463,232.0
278.0,0.5499,1.0998,228.0
279.0,0.7397,1.4793,228.0
280.0,0.7163,1.4325,231.5
281.0,0.8715,1.743,231.0
282.0,0.8622,1.7244,230.5
283.0,0.7103,1.4206,229.0
284.0,0.6964,1.3927,231.0
285.0,0.8085,1.617,228.0
286.0,0.8154,1.6307,229.0
287.0,0.513,1.026,231.5
288.0,0.6437,1.2874,227.5
289.0,0.8623,1.7246,230.0
290.0,0.8259,1.6519,228.5
291.0,0.6967,1.3935,229.5
292.0,0.7279,1.4558,232.0
293.0,0.7489,1.4978,231.0
294.0,0.5234,1.0467,230.5
295.0,0.7924,1.5849,230.0
296.0,0.7744,1.5489,231.0
297.0,0.7835,1.567,230.0
298.0,0.8621,1.7242,232.0
299.0,0.8171,1.6341,232.0
300.0,0.6241,1.2483,231.0
301.0,0.5914,1.1828,231.0
302.0,0.8193,1.6387,228.5
303.0,0.8996,1.7992,229.5
304.0,0.8023,1.6045,227.5
305.0,0.7061,1.4121,231.0
306.0,0.7745,1.5491,227.5
307.0,0.7937,1.5874,228.0
308.0,0.8344,1.6689,228.5
309.0,0.7165,1.4329,231.5
310.0,0.8777,1.7555,230.0
311.0,0.9169,1.8338,230.0
312.0,0.6109,1.2218,231.5
313.0,0.6565,1.3129,227.5
314.0,0.7221,1.4443,228.0
315.0,0.79,1.58,231.0
316.0,0.8311,1.6622,231.0
317.0,0.6514,1.3028,230.0
318.0,0.6703,1.3405,229.5
319.0,0.8803,1.7605,229.5
320.0,0.7825,1.565,229.5
321.0,0.5593,1.1186,227.5
322.0,0.6827,1.3655,227.5
323.0,0.9672,1.9345,228.0
324.0,0.8345,1.6691,228.0
325.0,0.8509,1.7017,228.0
326.0,0.9002,1.8005,229.0
327.0,0.6428,1.2857,229.0
328.0,0.7094,1.4188,230.0
329.0,0.7654,1.5307,227.5
330.0,0.8349,1.6697,231.5
331.0,0.6058,1.2116,230.0
332.0,0.6276,1.2552,230.5
333.0,0.7997,1.5995,231.5
334.0,0.8519,1.7038,231.5
335.0,0.8602,1.7204,231.5
336.0,0.5602,1.1205,228.5
337.0,0.5022,1.0044,230.5
338.0,0.7332,1.4664,228.5
339.0,0.7979,1.5957,228.5
340.0,0.7669,1.5338,228.5
341.0,0.8628,1.7256,229.0
342.0,0.5962,1.1924,229.5
343.0,0.9547,1.9095,229.5
344.0,0.6959,1.3917,228.5
345.0,0.6481,1.2962,232.5
346.0,0.9234,1.8468,228.5
347.0,0.9137,1.8274,232.0
348.0,0.573,1.146,228.5
349.0,0.9531,1.9062,230.5
350.0,0.8787,1.7574,230.5
351.0,0.548,1.0959,229.0
352.0,0.9333,1.8665,230.5
353.0,0.891,1.7821,227.5
354.0,0.7016,1.4032,227.5
355.0,0.7086,1.4172,232.0
356.0,0.6537,1.3073,231.0
357.0,0.8846,1.7691,227.5
358.0,0.737,1.4741,227.5
359.0,0.6446,1.2891,227.5
360.0,0.6203,1.2407,231.0
361.0,0.8514,1.7027,229.5
362.0,0.836,1.672,229.0
363.0,0.6634,1.3268,231.5
364.0,0.6914,1.3828,229.5
365.0,0.8357,1.6714,230.5
366.0,0.6641,1.3281,230.5
367.0,0.5801,1.1603,230.5
368.0,0.7554,1.5107,232.5
369.0,0.5776,1.1552,229.0
370.0,0.9533,1.9066,232.0
371.0,0.8826,1.7652,232.0
372.0,0.9121,1.8241,232.0
373.0,0.8412,1.6824,228.5
374.0,0.6174,1.2348,232.5
375.0,0.5509,1.1018,232.5
376.0,0.6277,1.2554,228.0
377.0,0.6768,1.3537,228.0
378.0,0.9391,1.8782,228.5
379.0,0.6914,1.3827,232.5
380.0,0.909,1.8181,232.5
381.0,0.5797,1.1594,232.0
382.0,0.7514,1.5029,229.0
383.0,0.4279,0.8557,231.5
384.0,0.6692,1.3383,232.5
385.0,0.6998,1.3995,230.0
386.0,0.7837,1.5673,230.0
387.0,0.5353,1.0706,228.5
388.0,0.8706,1.7412,228.5
389.0,0.8854,1.7708,228.5
390.0,0.7997,1.5993,232.0
391.0,0.826,1.652,232.0
392.0,0.7564,1.5128,228.5
393.0,0.8628,1.7257,228.5
394.0,0.8882,1.7765,228.5
395.0,0.7397,1.4794,228.5
396.0,0.6284,1.2569,231.0
397.0,0.7771,1.5543,227.5
398.0,0.7024,1.4048,228.0
399.0,0.9624,1.9249,230.0
400.0,0.7289,1.4578,228.0
401.0,0.9561,1.9122,228.5
402.0,0.8546,1.7092,228.5
403.0,0.8439,1.6878,229.0
404.0,0.8213,1.6425,228.5
405.0,0.7531,1.5062,228.5
406.0,0.6385,1.277,228.5
407.0,0.8016,1.6033,229.5
408.0,0.715,1.4301,231.5
409.0,0.8974,1.7948,231.5
410.0,0.7545,1.509,231.5
411.0,0.6858,1.3716,230.0
412.0,0.6915,1.3829,228.5
413.0,0.7118,1.4236,229.0
414.0,0.6965,1.393,227.5
415.0,0.8909,1.7818,227.5
416.0,0.761,1.5221,232.0
417.0,0.795,1.59,229.5
418.0,0.7514,1.5028,231.0
419.0,0.7969,1.5938,231.0
420.0,0.8368,1.6735,230.0
421.0,0.4878,0.9757,227.5
422.0,0.8158,1.6316,230.0
423.0,0.7428,1.4855,230.0
424.0,0.6382,1.2764,227.5
425.0,0.8348,1.6696,228.0
426.0,0.7818,1.5635,231.0
427.0,0.9175,1.8351,232.0
428.0,0.9283,1.8567,232.0
429.0,0.7496,1.4992,228.5
430.0,0.8415,1.6829,228.0
431.0,0.7976,1.5952,230.0
432.0,0.8086,1.6173,227.5
433.0,0.7497,1.4995,228.5
434.0,0.8675,1.735,227.5
435.0,0.8772,1.7545,227.5
436.0,0.7959,1.5918,228.5
437.0,0.8484,1.6968,228.5
438.0,0.8484,1.6967,229.0
439.0,0.7416,1.4832,230.5
440.0,0.8572,1.7143,232.5
441.0,0.7272,1.4545,228.5
442.0,0.7734,1.5467,227.5
443.0,0.9044,1.8088,227.5
444.0,0.9021,1.8041,227.5
445.0,0.9443,1.8885,227.5
446.0,0.9698,1.9396,231.5
447.0,0.8763,1.7525,231.5
448.0,0.6365,1.2729,227.5
449.0,0.5403,1.0807,227.5
450.0,0.7486,1.4972,231.0
451.0,0.9669,1.9338,229.0
452.0,0.8793,1.7587,230.5
453.0,0.7944,1.5887,229.5
454.0,0.6546,1.3092,229.0
455.0,0.4956,0.9912,229.0
456.0,0.5366,1.0731,227.5
457.0,0.6003,1.2005,229.0
458.0,0.804,1.608,232.5
459.0,0.6798,1.3595,231.0
460.0,0.5702,1.1404,232.0
461.0,0.5138,1.0276,229.5
462.0,0.7352,1.4705,229.5
463.0,0.6879,1.3758,231.0
464.0,0.7712,1.5424,232.0
465.0,0.8246,1.6493,232.0
466.0,0.8305,1.6609,227.5
467.0,0.3901,0.7801,228.5
468.0,0.5821,1.1642,228.5
469.0,0.752,1.504,230.0
470.0,0.9176,1.8352,228.0
471.0,0.7686,1.5371,229.5
472.0,0.8719,1.7439,229.0
473.0,0.7531,1.5061,228.0
474.0,0.7981,1.5962,232.0
475.0,0.8906,1.7811,232.0
476.0,0.5464,1.0927,232.5
477.0,0.9106,1.8212,231.5
478.0,0.6465,1.293,230.5
479.0,0.7105,1.4211,228.5
480.0,0.6846,1.3693,227.5
481.0,0.7554,1.5107,227.5
482.0,0.8198,1.6396,227.5
483.0,0.9037,1.8074,227.5
484.0,0.888,1.7761,227.5
485.0,0.8427,1.6855,231.5
486.0,0.6771,1.3542,227.5
487.0,0.8704,1.7408,228.0
488.0,0.6189,1.2377,231.5
489.0,0.8071,1.6143,230.0
490.0,0.8104,1.6208,230.0
491.0,0.7796,1.5592,228.5
492.0,0.5378,1.0755,228.0
493.0,0.6532,1.3063,229.0
494.0,0.6484,1.2967,231.5
495.0,0.5638,1.1275,227.5
496.0,0.5317,1.0633,230.5
497.0,0.8907,1.7813,228.0
498.0,0.6445,1.289,227.5
499.0,0.5736,1.1472,230.0
500.0,0.6426,1.2852,228.5
501.0,0.8519,1.7038,229.5
502.0,0.88,1.7601,228.5
503.0,0.9193,1.8385,228.0
504.0,0.7119,1.4239,230.5
505.0,0.9046,1.8091,228.0
506.0,0.9266,1.8532,232.0
507.0,0.3796,0.7592,228.5
508.0,0.6047,1.2094,229.0
509.0,0.9012,1.8024,229.0
510.0,0.652,1.304,229.5
511.0,0.5979,1.1958,228.5
512.0,0.747,1.494,228.5
513.0,0.735,1.4699,228.0
514.0,0.7133,1.4266,229.5
515.0,0.6824,1.3649,229.5
516.0,0.717,1.4341,229.0
517.0,0.7423,1.4846,230.5
518.0,0.7342,1.4683,228.0
519.0,0.6237,1.2473,228.0
520.0,0.7694,1.5388,229.0
521.0,0.9077,1.8155,229.0
522.0,0.8419,1.6839,229.0
523.0,0.5768,1.1536,230.5
524.0,0.7224,1.4448,232.0
525.0,0.8944,1.7888,228.0
526.0,0.7581,1.5163,227.5
527.0,0.6266,1.2532,231.5
528.0,0.611,1.222,229.0
529.0,0.7166,1.4332,230.5
530.0,0.7741,1.5482,229.0
531.0,0.8497,1.6994,229.5
532.0,0.6993,1.3985,232.0
533.0,0.5877,1.1755,229.0
534.0,0.8856,1.7712,229.0
535.0,0.7972,1.5945,232.5
536.0,0.9198,1.8395,232.5
537.0,0.6706,1.3412,231.0
538.0,0.8257,1.6514,228.5
539.0,0.7584,1.5168,230.5
540.0,0.6642,1.3285,229.0
541.0,0.9098,1.8196,228.5
542.0,0.7652,1.5304,228.5
543.0,0.6768,1.3537,228.5
544.0,0.5604,1.1208,228.0
545.0,0.4385,0.877,228.5
546.0,0.5152,1.0304,232.5
547.0,0.8603,1.7207,230.0
548.0,0.8546,1.7092,231.0
549.0,0.6911,1.3821,228.0
550.0,0.5706,1.1411,227.5
551.0,0.6502,1.3005,230.0
552.0,0.4776,0.9552,228.0
553.0,0.6684,1.3368,231.0
554.0,0.8374,1.6748,230.0
555.0,0.7478,1.4955,230.0
556.0,0.8504,1.7009,227.5
557.0,0.8388,1.6776,229.5
558.0,0.5032,1.0063,227.5
559.0,0.3482,0.6965,229.5
560.0,0.6848,1.3696,230.5
561.0,0.5823,1.1645,229.5
562.0,0.5782,1.1564,232.5
563.0,0.7548,1.5096,228.0
564.0,0.6283,1.2565,227.5
565.0,0.786,1.572,232.0
566.0,0.6661,1.3322,227.5
567.0,0.6308,1.2616,228.0
568.0,0.8318,1.6636,231.0
569.0,0.5438,1.0876,231.0
570.0,0.7655,1.5311,230.0
571.0,0.863,1.726,229.0
572.0,0.9154,1.8308,231.0
573.0,0.7738,1.5476,228.0
574.0,0.8555,1.711,229.0
575.0,0.8616,1.7233,229.0
576.0,0.7229,1.4457,228.5
577.0,0.9085,1.8171,230.5
578.0,0.8548,1.7096,230.5
579.0,0.774,1.548,231.0
580.0,0.7807,1.5614,231.5
581.0,0.7586,1.5172,231.5
582.0,0.4972,0.9943,231.0
583.0,0.6922,1.3844,227.5
584.0,0.7354,1.4709,232.0
585.0,0.7055,1.4109,232.0
586.0,0.943,1.886,230.0
587.0,0.7485,1.4969,232.5
588.0,0.8224,1.6448,232.0
589.0,0.6999,1.3999,232.0
590.0,0.4664,0.9327,232.5
591.0,0.8796,1.7593,232.5
592.0,0.7803,1.5606,232.5
593.0,0.6039,1.2078,230.0
594.0,0.918,1.836,231.5
595.0,0.7086,1.4171,229.0
596.0,0.7573,1.5147,230.5
597.0,0.6525,1.3049,230.5
598.0,0.7989,1.5978,228.5
599.0,0.9022,1.8044,228.5
600.0,0.831,1.6621,230.5
601.0,0.8827,1.7653,230.5
602.0,0.7001,1.4002,231.0
603.0,0.9431,1.8863,229.5
604.0,0.875,1.75,228.5
605.0,0.9303,1.8605,228.5
606.0,0.5978,1.1957,232.0
607.0,0.8274,1.6549,228.0
608.0,0.8432,1.6864,230.0
609.0,0.7256,1.4512,228.5
610.0,0.5162,1.0324,229.0
611.0,0.899,1.798,232.5
612.0,0.7506,1.5012,227.5
613.0,0.7891,1.5781,232.5
614.0,0.8671,1.7342,227.5
615.0,0.7424,1.4849,231.0
616.0,0.7442,1.4885,231.0
617.0,0.8044,1.6087,231.0
618.0,0.6879,1.3758,228.0
619.0,0.5759,1.1517,232.0
620.0,0.8926,1.7852,230.5
621.0,0.8482,1.6964,230.5
622.0,0.6914,1.3828,231.0
623.0,0.6011,1.2022,232.5
624.0,0.9253,1.8506,228.5
625.0,0.9544,1.9089,228.5
626.0,0.8465,1.693,228.5
627.0,0.7875,1.5751,227.5
628.0,0.651,1.302,229.0
629.0,0.6661,1.3322,230.5
630.0,0.7757,1.5514,231.0
631.0,0.6609,1.3218,232.0
632.0,0.8284,1.6568,230.0
633.0,0.9677,1.9354,231.5
634.0,0.5155,1.0311,227.5
635.0,0.4688,0.9375,230.0
636.0,0.7126,1.4252,228.5
637.0,0.6427,1.2854,230.0
638.0,0.4654,0.9309,229.0
639.0,0.8005,1.6009,232.5
640.0,0.8223,1.6446,231.0
641.0,0.5728,1.1456,227.5
642.0,0.7213,1.4426,229.5
643.0,0.947,1.894,231.0
644.0,0.8998,1.7996,231.0
645.0,0.7755,1.551,230.5
646.0,0.7013,1.4026,230.0
647.0,0.7963,1.5925,232.0
648.0,0.8765,1.753,227.5
649.0,0.591,1.182,231.0
650.0,0.653,1.306,230.0
651.0,0.7679,1.5358,230.0
652.0,0.7065,1.4129,230.0
653.0,0.8837,1.7674,230.0
654.0,0.7218,1.4435,232.0
655.0,0.6563,1.3127,232.0
656.0,0.9001,1.8001,230.5
657.0,0.5724,1.1448,227.5
658.0,0.7839,1.5678,228.5
659.0,0.7043,1.4086,231.0
660.0,0.7072,1.4144,229.5
661.0,0.854,1.7079,228.0
662.0,0.7228,1.4457,231.0
663.0,0.546,1.092,228.5
664.0,0.8788,1.7575,228.0
665.0,0.6945,1.389,227.5
666.0,0.5399,1.0799,230.5
667.0,0.6719,1.3438,230.5
668.0,0.6863,1.3726,231.0
669.0,0.7366,1.4731,230.5
670.0,0.6533,1.3066,227.5
671.0,0.8238,1.6476,229.5
672.0,0.6564,1.3129,230.0
673.0,0.5023,1.0046,230.5
674.0,0.4273,0.8545,230.5
675.0,0.8668,1.7337,228.5
676.0,0.7638,1.5276,230.0
677.0,0.6123,1.2246,232.5
678.0,0.7516,1.5032,230.0
679.0,0.378,0.756,230.0
680.0,0.9036,1.8072,230.0
681.0,0.7359,1.4718,230.0
682.0,0.9851,1.9701,229.5
683.0,0.7573,1.5145,229.5
684.0,0.5699,1.1398,230.0
685.0,0.6807,1.3615,227.5
686.0,0.9041,1.8082,228.5
687.0,0.5657,1.1314,229.0
688.0,0.8734,1.7467,229.5
689.0,0.9017,1.8035,232.5
690.0,0.9309,1.8618,232.5
691.0,0.9876,1.9751,232.5
692.0,0.6657,1.3313,232.5
693.0,0.7025,1.4049,232.0
694.0,0.7526,1.5052,232.0
695.0,0.8662,1.7324,232.5
696.0,0.519,1.038,229.5
697.0,0.6575,1.3151,230.5
698.0,0.8863,1.7726,231.0
699.0,0.7003,1.4006,230.5
700.0,0.6063,1.2126,230.0
701.0,0.8029,1.6059,231.0
702.0,0.9589,1.9179,229.5
703.0,0.684,1.3681,232.0
704.0,0.7207,1.4414,230.0
705.0,0.6975,1.3951,230.0
706.0,0.5642,1.1283,230.5
707.0,0.8007,1.6015,228.5
708.0,0.8221,1.6441,232.0
709.0,0.8977,1.7955,232.0
710.0,0.7002,1.4004,232.5
711.0,0.9299,1.8599,230.0
712.0,0.8269,1.6538,231.0
713.0,0.5926,1.1852,229.5
714.0,0.8818,1.7636,232.5
715.0,0.8419,1.6837,230.5
716.0,0.884,1.768,230.5
717.0,0.4582,0.9164,230.0
718.0,0.3908,0.7816,229.0
719.0,0.4519,0.9039,230.0
720.0,0.7751,1.5502,229.5
721.0,0.5297,1.0595,231.0
722.0,0.9475,1.895,232.5
723.0,0.5939,1.1878,231.0
724.0,0.8378,1.6756,229.5
725.0,0.8076,1.6152,229.5
726.0,0.7013,1.4025,229.0
727.0,0.647,1.2941,229.0
728.0,0.4303,0.8605,229.5
729.0,0.6155,1.2309,229.5
730.0,0.8889,1.7779,231.0
731.0,0.6684,1.3368,232.5
732.0,0.914,1.8281,232.5
733.0,0.8125,1.625,228.5
734.0,0.3551,0.7102,230.5
735.0,0.6373,1.2745,228.5
736.0,0.7695,1.5389,230.0
737.0,0.5528,1.1056,230.0
738.0,0.651,1.3021,230.0
739.0,0.9038,1.8076,228.0
740.0,0.7221,1.4442,232.5
741.0,0.8522,1.7045,228.5
742.0,0.82,1.6399,228.5
743.0,0.9389,1.8777,231.0
744.0,0.7535,1.5071,230.5
745.0,0.9267,1.8534,232.5
746.0,0.7104,1.4207,232.0
747.0,0.8528,1.7056,232.0
748.0,0.8382,1.6763,231.0
749.0,0.4917,0.9834,231.0
750.0,0.7484,1.4969,230.5
751.0,0.5108,1.0215,231.5
752.0,0.5167,1.0334,232.0
753.0,0.5969,1.1938,232.5
754.0,0.736,1.472,232.5
755.0,0.834,1.6679,229.5
756.0,0.7482,1.4963,229.5
757.0,0.8211,1.6422,228.5
758.0,0.7672,1.5344,229.5
759.0,0.5834,1.1668,231.5
760.0,0.5644,1.1288,231.5
761.0,0.5747,1.1495,228.0
762.0,0.7316,1.4631,229.5
763.0,0.6168,1.2335,232.0
764.0,0.7854,1.5708,232.0
765.0,0.6606,1.3211,230.0
766.0,0.3802,0.7604,227.5
767.0,0.582,1.1639,227.5
768.0,0.6004,1.2009,229.0
769.0,0.5477,1.0954,231.0
770.0,0.8458,1.6916,231.0
771.0,0.8323,1.6646,231.0
772.0,0.7847,1.5695,229.5
773.0,0.8568,1.7137,229.0
774.0,0.594,1.188,231.5
775.0,0.6522,1.3045,231.0
776.0,0.4773,0.9547,232.5
777.0,0.7612,1.5223,231.5
778.0,0.721,1.442,232.0
779.0,0.881,1.762,229.5
780.0,0.8558,1.7116,229.5
781.0,0.8105,1.6211,229.5
782.0,0.7704,1.5409,232.5
783.0,0.6762,1.3524,230.5
784.0,0.6868,1.3737,228.5
785.0,0.8803,1.7607,230.0
786.0,0.8546,1.7091,230.0
787.0,0.6618,1.3237,230.5
788.0,0.8384,1.6768,230.5
789.0,0.4663,0.9326,232.5
790.0,0.8488,1.6976,232.0
791.0,0.6996,1.3992,231.5
792.0,0.7606,1.5212,232.5
793.0,0.7541,1.5081,228.5
794.0,0.7069,1.4138,227.5
795.0,0.7558,1.5116,227.5
796.0,0.8669,1.7338,227.5
797.0,0.9822,1.9644,227.5
798.0,0.8835,1.767,227.5
799.0,0.4934,0.9868,228.5
800.0,0.6718,1.3436,229.5
801.0,0.9655,1.931,231.0
802.0,0.4665,0.933,231.0
803.0,0.5278,1.0557,230.5
804.0,0.6343,1.2686,232.5
805.0,0.8908,1.7816,232.5
806.0,0.857,1.7141,232.5
807.0,0.4377,0.8755,228.0
808.0,0.5993,1.1985,232.5
809.0,0.9087,1.8175,232.5
810.0,0.7878,1.5755,232.5
811.0,0.8975,1.795,231.0
812.0,0.7878,1.5756,230.5
813.0,0.6833,1.3666,231.0
814.0,0.4531,0.9063,231.5
815.0,0.7462,1.4925,232.5
816.0,0.6181,1.2363,229.5
817.0,0.7979,1.5958,230.5
818.0,0.8765,1.7531,228.0
819.0,0.7581,1.5162,231.5
820.0,0.6795,1.359,229.0
821.0,0.8666,1.7331,229.5
822.0,0.6265,1.2529,227.5
823.0,0.6671,1.3342,231.5
824.0,0.5611,1.1222,227.5
825.0,0.6341,1.2682,227.5
826.0,0.5908,1.1815,232.5
827.0,0.771,1.542,231.0
828.0,0.7948,1.5895,228.0
829.0,0.8904,1.7809,228.0
830.0,0.8304,1.6609,228.0
831.0,0.8056,1.6112,227.5
832.0,0.9683,1.9366,232.0
833.0,0.914,1.828,232.0
834.0,0.7908,1.5817,229.0
835.0,0.4378,0.8756,231.0
836.0,0.8508,1.7016,232.0
837.0,0.7552,1.5103,231.0
838.0,0.7741,1.5482,231.0
839.0,0.8034,1.6068,232.0
840.0,0.7312,1.4623,232.0
841.0,0.617,1.2341,229.0
842.0,0.7635,1.527,230.0
843.0,0.4601,0.9202,227.5
844.0,0.5224,1.0448,229.0
845.0,0.9559,1.9118,229.0
846.0,0.9578,1.9156,229.0
847.0,0.9408,1.8815,229.0
848.0,0.7238,1.4475,229.0
849.0,0.7823,1.5646,232.5
850.0,0.6367,1.2733,228.0
851.0,0.6115,1.2229,231.0
852.0,0.7172,1.4344,228.5
853.0,0.6273,1.2546,231.0
854.0,0.7419,1.4837,229.5
855.0,0.6589,1.3178,229.5
856.0,0.5018,1.0035,230.0
857.0,0.7634,1.5269,232.0
858.0,0.9023,1.8046,230.0
859.0,0.9219,1.8437,230.0
860.0,0.6725,1.3449,230.5
861.0,0.7656,1.5312,231.5
862.0,0.5459,1.0918,229.5
863.0,0.7122,1.4244,228.0
864.0,0.7106,1.4213,228.0
865.0,0.8892,1.7785,228.5
866.0,0.6725,1.3451,230.0
867.0,0.5747,1.1493,229.0
868.0,0.8563,1.7125,231.5
869.0,0.757,1.514,231.0
870.0,0.776,1.552,229.5
871.0,0.753,1.5061,231.5
872.0,0.7083,1.4166,229.5
873.0,0.4274,0.8547,229.5
874.0,0.6924,1.3847,227.5
875.0,0.931,1.8619,232.0
876.0,0.7689,1.5379,227.5
877.0,0.8294,1.6587,229.0
878.0,0.8736,1.7471,232.0
879.0,0.7904,1.5808,231.0
880.0,0.7517,1.5035,228.5
881.0,0.9185,1.837,228.0
882.0,0.8788,1.7576,231.5
883.0,0.9425,1.8849,229.0
884.0,0.9066,1.8132,229.0
885.0,0.9047,1.8094,229.0
886.0,0.671,1.3421,232.0
887.0,0.5613,1.1226,232.0
888.0,0.6957,1.3915,227.5
889.0,0.7673,1.5347,232.0
890.0,0.5116,1.0232,231.0
891.0,0.7465,1.493,229.0
892.0,0.6971,1.3942,229.0
893.0,0.5881,1.1763,232.5
894.0,0.8398,1.6796,228.5
895.0,0.7604,1.5208,228.0
896.0,0.823,1.646,229.0
897.0,0.7657,1.5314,230.0
898.0,0.8093,1.6186,230.5
899.0,0.8485,1.697,228.0
900.0,0.5274,1.0547,228.5
901.0,0.7187,1.4374,228.5
902.0,0.6145,1.2291,228.5
903.0,0.5681,1.1362,232.0
904.0,0.7622,1.5243,231.5
905.0,0.8207,1.6413,229.5
906.0,0.7389,1.4779,230.0
907.0,0.7601,1.5202,228.5
908.0,0.9455,1.8909,228.5
909.0,0.9269,1.8538,232.5
910.0,0.5605,1.121,229.5
911.0,0.8914,1.7828,229.5
912.0,0.8751,1.7502,229.5
913.0,0.6556,1.3112,228.0
914.0,0.8886,1.7772,228.5
915.0,0.8993,1.7986,232.0
916.0,0.7043,1.4086,232.0
917.0,0.7566,1.5132,232.5
918.0,0.9372,1.8744,230.5
919.0,0.6616,1.3232,231.0
920.0,0.8114,1.6228,231.0
921.0,0.8901,1.7803,231.0
922.0,0.8913,1.7826,231.0
923.0,0.9343,1.8686,231.0
924.0,0.5198,1.0396,229.0
925.0,0.5778,1.1556,230.5
926.0,0.5332,1.0664,230.5
927.0,0.7746,1.5493,228.0
928.0,0.9788,1.9576,228.0
929.0,0.8776,1.7553,228.0
930.0,0.9197,1.8395,231.0
931.0,0.773,1.5461,231.0
932.0,0.4329,0.8657,232.0
933.0,0.5395,1.0789,230.5
934.0,0.7411,1.4822,232.5
935.0,0.7187,1.4374,228.5
936.0,0.6746,1.3492,228.5
937.0,0.8656,1.7312,228.5
938.0,0.6319,1.2638,232.0
939.0,0.8387,1.6774,228.0
940.0,0.9074,1.8149,228.0
941.0,0.8393,1.6785,230.5
942.0,0.7704,1.5407,227.5
943.0,0.8119,1.6238,227.5
944.0,0.9488,1.8976,227.5
945.0,0.8875,1.775,231.0
946.0,0.7122,1.4245,230.0
947.0,0.5613,1.1226,230.0
948.0,0.7085,1.4169,229.0
949.0,0.7436,1.4872,229.5
950.0,0.5543,1.1086,232.0
951.0,0.72,1.44,232.5
952.0,0.7336,1.4672,229.5
953.0,0.724,1.448,229.5
954.0,0.6726,1.3453,228.5
955.0,0.8828,1.7656,228.5
956.0,0.6116,1.2231,230.0
957.0,0.7911,1.5822,231.5
958.0,0.6694,1.3388,230.5
959.0,0.9311,1.8623,229.5
960.0,0.8906,1.7812,229.5
961.0,0.9119,1.8239,231.5
962.0,0.8362,1.6725,229.5
963.0,0.7491,1.4981,229.5
964.0,0.863,1.7259,229.5
965.0,0.9611,1.9223,231.5
966.0,0.8481,1.6962,231.5
967.0,0.7698,1.5396,232.5
968.0,0.8995,1.7989,229.0
969.0,0.6687,1.3374,231.0
970.0,0.8845,1.769,230.5
971.0,0.779,1.558,230.0
972.0,0.711,1.422,229.0
973.0,0.778,1.5561,229.0
974.0,0.7655,1.5311,228.5
975.0,0.6579,1.3157,227.5
976.0,0.8628,1.7256,229.5
977.0,0.7409,1.4819,229.5
978.0,0.6332,1.2663,232.0
979.0,0.7078,1.4155,230.5
980.0,0.8395,1.679,230.5
981.0,0.6874,1.3748,232.5
982.0,0.7823,1.5645,229.0
983.0,0.6084,1.2168,231.5
984.0,0.7963,1.5926,228.5
985.0,0.6224,1.2447,232.5
986.0,0.8926,1.7851,232.5
987.0,0.5692,1.1384,232.5
988.0,0.831,1.662,230.5
989.0,0.9784,1.9567,230.5
990.0,0.8143,1.6287,230.5
991.0,0.8018,1.6036,231.0
992.0,0.5515,1.1031,228.5
993.0,0.6138,1.2277,231.5
994.0,0.6066,1.2131,230.5
995.0,0.7807,1.5613,232.5
996.0,0.7521,1.5043,227.5
997.0,0.7753,1.5507,227.5
998.0,0.6553,1.3105,230.5
999.0,0.723,1.446,227.5
1000.0,0.7847,1.5693,230.0
1001.0,0.8027,1.6053,232.0
1002.0,0.8904,1.7808,231.5
1003.0,0.7424,1.4847,232.5
1004.0,0.4199,0.8399,231.0
1005.0,0.7037,1.4074,232.0
1006.0,0.649,1.2981,229.5
1007.0,0.6544,1.3088,232.5
1008.0,0.7625,1.525,229.5
1009.0,0.5856,1.1711,232.0
1010.0,0.6223,1.2447,232.5
1011.0,0.553,1.1061,229.5
1012.0,0.7705,1.541,232.0
1013.0,0.6983,1.3967,232.0
1014.0,0.6002,1.2004,232.0
1015.0,0.6883,1.3766,231.0
1016.0,0.5685,1.1369,231.5
1017.0,0.6636,1.3273,228.5
1018.0,0.6044,1.2088,228.5
1019.0,0.7569,1.5138,230.5
1020.0,0.9372,1.8744,230.5
1021.0,0.9213,1.8426,232.0
1022.0,0.647,1.2939,227.5
1023.0,0.9293,1.8585,229.5
1024.0,0.7908,1.5817,227.5
1025.0,0.3765,0.753,227.5
1026.0,0.6351,1.2702,230.5
1027.0,0.902,1.804,230.0
1028.0,0.6067,1.2134,231.5
1029.0,0.4629,0.9258,228.0
1030.0,0.5983,1.1966,230.5
1031.0,0.9055,1.8111,230.0
1032.0,0.7477,1.4954,228.0
1033.0,0.8487,1.6974,230.5
1034.0,0.8046,1.6093,231.0
1035.0,0.7992,1.5984,230.5
1036.0,0.5695,1.1389,229.5
1037.0,0.7413,1.4827,228.5
1038.0,0.529,1.058,229.5
1039.0,0.814,1.6281,229.5
1040.0,0.5452,1.0903,230.5
1041.0,0.9601,1.9202,231.0
1042.0,0.653,1.306,231.0
1043.0,0.6117,1.2233,229.0
1044.0,0.6646,1.3292,232.0
1045.0,0.634,1.2679,227.5
1046.0,0.8787,1.7574,228.0
1047.0,0.7627,1.5254,232.5
1048.0,0.7306,1.4613,228.5
1049.0,0.8539,1.7078,229.0
1050.0,0.811,1.622,228.5
1051.0,0.674,1.3481,229.0
1052.0,0.7904,1.5809,228.0
1053.0,0.9053,1.8105,230.5
1054.0,0.7114,1.4229,230.5
1055.0,0.4739,0.9479,232.5
1056.0,0.4291,0.8581,230.5
1057.0,0.6997,1.3993,231.0
1058.0,0.4686,0.9372,231.0
1059.0,0.8545,1.7089,228.0
1060.0,0.8001,1.6001,230.0
1061.0,0.8473,1.6947,230.0
1062.0,0.6201,1.2401,231.0
1063.0,0.4606,0.9212,229.5
1064.0,0.6343,1.2686,232.0
1065.0,0.5983,1.1966,229.0
1066.0,0.7205,1.441,230.0
1067.0,0.7409,1.4818,230.0
1068.0,0.4024,0.8048,232.5
1069.0,0.8606,1.7212,231.0
1070.0,0.7177,1.4354,232.0
1071.0,0.843,1.6859,232.0
1072.0,0.7967,1.5934,231.5
1073.0,0.8122,1.6244,228.0
1074.0,0.6666,1.3331,228.0
1075.0,0.4826,0.9652,229.5
1076.0,0.6142,1.2283,228.5
1077.0,0.8248,1.6495,231.5
1078.0,0.6711,1.3421,231.5
1079.0,0.6815,1.3631,231.5
1080.0,0.6777,1.3554,231.5
1081.0,0.8652,1.7303,229.5
1082.0,0.5386,1.0773,228.0
1083.0,0.6499,1.2998,228.5
1084.0,0.794,1.588,228.5
1085.0,0.7712,1.5423,230.0
1086.0,0.5836,1.1672,230.5
1087.0,0.6984,1.3968,230.5
1088.0,0.7383,1.4767,229.5
1089.0,0.8166,1.6332,228.0
1090.0,0.9348,1.8696,230.0
1091.0,0.8783,1.7567,232.0
1092.0,0.7961,1.5922,230.0
1093.0,0.6811,1.3622,230.0
1094.0,0.9054,1.8107,230.0
1095.0,0.7872,1.5743,230.0
1096.0,0.6653,1.3307,230.5
1097.0,0.8602,1.7203,231.5
1098.0,0.7337,1.4674,227.5
1099.0,0.8611,1.7221,231.0
1100.0,0.8819,1.7638,228.5
1101.0,0.8778,1.7556,228.5
1102.0,0.7557,1.5114,228.5
1103.0,0.8044,1.6089,231.5
1104.0,0.9018,1.8035,230.0
1105.0,0.6897,1.3794,231.5
1106.0,0.8683,1.7366,229.5
1107.0,0.7879,1.5758,231.0
1108.0,0.8557,1.7114,232.5
1109.0,0.7885,1.5771,232.5
1110.0,0.8857,1.7714,228.5
1111.0,0.9223,1.8446,228.5
1112.0,0.8607,1.7214,227.5
1113.0,0.7388,1.4776,232.0
1114.0,0.7527,1.5054,231.5
1115.0,0.7763,1.5526,232.5
1116.0,0.8186,1.6372,232.5
1117.0,0.8225,1.645,232.5
1118.0,0.949,1.898,232.5
1119.0,0.754,1.5081,232.5
1120.0,0.8025,1.605,229.0
1121.0,0.7516,1.5032,231.5
1122.0,0.7173,1.4346,232.0
1123.0,0.6255,1.2509,232.0
1124.0,0.9361,1.8722,231.5
1125.0,0.9098,1.8196,232.0
1126.0,0.9217,1.8435,232.0
1127.0,0.8978,1.7956,232.0
1128.0,0.5304,1.0608,229.5
1129.0,0.8461,1.6922,228.0
1130.0,0.8498,1.6995,229.5
1131.0,0.6241,1.2482,232.5
1132.0,0.7767,1.5534,230.0
1133.0,0.845,1.69,230.0
1134.0,0.6484,1.2968,228.0
1135.0,0.843,1.686,228.5
1136.0,0.6132,1.2264,230.0
1137.0,0.6471,1.2943,228.0
1138.0,0.8283,1.6567,228.0
1139.0,0.8114,1.6229,228.5
1140.0,0.5604,1.1209,231.0
1141.0,0.6256,1.2512,231.0
1142.0,0.8411,1.6821,228.0
1143.0,0.7753,1.5505,231.0
1144.0,0.8454,1.6909,231.0
1145.0,0.8173,1.6345,230.5
1146.0,0.7594,1.5188,232.0
1147.0,0.7542,1.5085,232.5
1148.0,0.5609,1.1218,231.0
1149.0,0.741,1.4819,228.0
1150.0,0.6655,1.331,230.5
1151.0,0.2839,0.5678,231.0
1152.0,0.756,1.5121,229.5
1153.0,0.7933,1.5867,230.0
1154.0,0.7662,1.5324,231.5
1155.0,0.9004,1.8008,231.5
1156.0,0.857,1.7141,230.5
1157.0,0.8283,1.6566,230.5
1158.0,0.925,1.8501,230.0
1159.0,0.7408,1.4817,229.0
1160.0,0.5346,1.0692,227.5
1161.0,0.8144,1.6289,227.5
1162.0,0.3364,0.6728,230.5
1163.0,0.7435,1.4871,227.5
1164.0,0.779,1.5579,232.0
1165.0,0.8687,1.7375,232.0
1166.0,0.9802,1.9605,232.0
1167.0,0.6301,1.2602,229.0
1168.0,0.7074,1.4149,231.0
1169.0,0.8931,1.7861,229.5
1170.0,0.7699,1.5397,230.5
1171.0,0.5465,1.093,232.0
1172.0,0.4326,0.8652,228.5
1173.0,0.4792,0.9584,231.5
1174.0,0.5844,1.1688,230.5
1175.0,0.5756,1.1513,232.5
1176.0,0.7573,1.5145,230.5
1177.0,0.8321,1.6641,230.0
1178.0,0.952,1.904,231.0
1179.0,0.8181,1.6363,231.0
1180.0,0.8215,1.6431,231.5
1181.0,0.5228,1.0457,232.5
1182.0,0.7442,1.4884,232.0
1183.0,0.6163,1.2325,229.0
1184.0,0.6155,1.231,229.0
1185.0,0.7969,1.5937,229.0
1186.0,0.9478,1.8956,228.5
1187.0,0.8071,1.6141,230.5
1188.0,0.9126,1.8253,230.0
1189.0,0.8726,1.7452,232.5
1190.0,0.6557,1.3113,232.5
1191.0,0.6034,1.2068,232.0
1192.0,0.7826,1.5652,230.0
1193.0,0.69,1.38,230.0
1194.0,0.8474,1.6948,231.5
1195.0,0.8742,1.7485,230.0
1196.0,0.8664,1.7329,228.0
1197.0,0.8377,1.6754,229.5
1198.0,0.575,1.15,228.5
1199.0,0.9134,1.8268,231.5
1200.0,0.5608,1.1217,228.0
1201.0,0.5335,1.067,232.5
1202.0,0.7382,1.4765,232.0
1203.0,0.8256,1.6513,232.0
1204.0,0.7407,1.4814,231.5
1205.0,0.7713,1.5427,230.0
1206.0,0.8716,1.7432,228.0
1207.0,0.7536,1.5073,228.0
1208.0,0.9752,1.9504,231.5
1209.0,0.8858,1.7717,229.0
1210.0,0.8474,1.6949,227.5
1211.0,0.9203,1.8407,231.0
1212.0,0.8049,1.6098,230.0
1213.0,0.6818,1.3635,227.5
1214.0,0.7365,1.4731,229.0
1215.0,0.6753,1.3507,230.0
1216.0,0.7418,1.4836,228.0
1217.0,0.5623,1.1246,229.0
1218.0,0.6739,1.3477,228.5
1219.0,0.7589,1.5179,229.0
1220.0,0.5809,1.1619,229.5
1221.0,0.6723,1.3446,229.5
1222.0,0.6497,1.2994,229.5
1223.0,0.5444,1.0888,228.0
1224.0,0.9144,1.8288,227.5
1225.0,0.9515,1.9031,227.5
1226.0,0.795,1.5899,228.0
1227.0,0.8944,1.7888,231.0
1228.0,0.8573,1.7147,228.0
1229.0,0.6448,1.2897,229.0
1230.0,0.7804,1.5608,227.5
1231.0,0.9874,1.9748,232.5
1232.0,0.9792,1.9584,232.5
1233.0,0.4811,0.9621,228.5
1234.0,0.7283,1.4565,230.5
1235.0,0.83,1.66,228.5
1236.0,0.6612,1.3224,231.0
1237.0,0.9365,1.8729,232.0
1238.0,0.8481,1.6962,231.0
1239.0,0.7289,1.4578,228.0
1240.0,0.8365,1.673,228.5
1241.0,0.8979,1.7958,230.0
1242.0,0.766,1.5319,228.5
1243.0,0.8799,1.7598,229.0
1244.0,0.759,1.5181,228.0
1245.0,0.8101,1.6201,228.5
1246.0,0.6316,1.2633,232.0
1247.0,0.8377,1.6754,232.0
1248.0,0.7224,1.4449,232.0
1249.0,0.5933,1.1866,228.0
1250.0,0.651,1.3019,231.0
1251.0,0.5718,1.1435,228.0
1252.0,0.5036,1.0072,230.5
1253.0,0.5219,1.0439,230.0
1254.0,0.8578,1.7157,232.5
1255.0,0.7601,1.5202,228.0
1256.0,0.8274,1.6549,230.0
1257.0,0.6379,1.2758,228.5
1258.0,0.5977,1.1953,232.5
1259.0,0.7964,1.5928,228.5
1260.0,0.7284,1.4568,230.5
1261.0,0.9058,1.8116,228.0
1262.0,0.619,1.238,229.0
1263.0,0.6866,1.3732,232.5
1264.0,0.6648,1.3296,231.0
1265.0,0.5512,1.1023,228.0
1266.0,0.8802,1.7604,232.5
1267.0,0.6959,1.3918,232.5
1268.0,0.5234,1.0469,232.5
1269.0,0.6858,1.3715,228.0
1270.0,0.6075,1.2149,228.0
1271.0,0.8167,1.6333,229.0
1272.0,0.8488,1.6976,232.5
1273.0,0.6132,1.2265,232.0
1274.0,0.818,1.636,230.5
1275.0,0.9429,1.8858,229.5
1276.0,0.9309,1.8617,229.5
1277.0,0.835,1.67,227.5
1278.0,0.8271,1.6543,227.5
1279.0,0.8909,1.7818,228.0
1280.0,0.5683,1.1367,231.0
1281.0,0.7175,1.4351,229.0
1282.0,0.5502,1.1003,230.0
1283.0,0.7236,1.4472,227.5
1284.0,0.8511,1.7021,227.5
1285.0,0.8022,1.6045,229.5
1286.0,0.604,1.208,229.5
1287.0,0.5775,1.1551,231.5
1288.0,0.8003,1.6005,232.5
1289.0,0.8952,1.7903,230.0
1290.0,0.9015,1.8029,227.5
1291.0,0.8332,1.6664,232.0
1292.0,0.8837,1.7673,232.0
1293.0,0.9468,1.8937,232.0
1294.0,0.826,1.6519,230.5
1295.0,0.7885,1.5771,231.0
1296.0,0.8995,1.799,231.0
1297.0,0.6991,1.3983,232.5
1298.0,0.5405,1.081,232.5
1299.0,0.5901,1.1802,232.0
1300.0,0.825,1.6501,232.0
1301.0,0.8793,1.7585,232.0
1302.0,0.7306,1.4613,229.0
1303.0,0.6229,1.2458,228.5
1304.0,0.8464,1.6928,232.5
1305.0,0.5207,1.0414,231.0
1306.0,0.3703,0.7405,230.0
1307.0,0.5764,1.1528,228.5
1308.0,0.5711,1.1422,228.5
1309.0,0.9444,1.8889,227.5
1310.0,0.9006,1.8012,228.0
1311.0,0.8561,1.7122,232.0
1312.0,0.8104,1.6208,230.5
1313.0,0.8625,1.725,229.0
1314.0,0.7491,1.4981,229.0
1315.0,0.5798,1.1595,228.5
1316.0,0.8123,1.6245,230.0
1317.0,0.8425,1.685,230.0
1318.0,0.7058,1.4116,232.0
1319.0,0.8626,1.7253,228.5
1320.0,0.5864,1.1727,228.5
1321.0,0.7456,1.4912,230.5
1322.0,0.8851,1.7701,231.5
1323.0,0.6499,1.2998,232.5
1324.0,0.8785,1.7569,231.0
1325.0,0.8008,1.6016,229.5
1326.0,0.762,1.5239,231.0
1327.0,0.4044,0.8089,228.0
1328.0,0.6145,1.2289,228.0
1329.0,0.8632,1.7264,231.0
1330.0,0.6643,1.3285,231.0
1331.0,0.6946,1.3893,229.0
1332.0,0.7162,1.4324,229.5
1333.0,0.6979,1.3957,232.0
1334.0,0.7931,1.5863,232.0
1335.0,0.7992,1.5983,232.0
1336.0,0.6525,1.305,232.5
1337.0,0.7192,1.4384,232.0
1338.0,0.8958,1.7917,232.0
1339.0,0.903,1.806,229.5
1340.0,0.7826,1.5653,230.0
1341.0,0.9261,1.8522,227.5
1342.0,0.9651,1.9302,227.5
1343.0,0.765,1.53,231.0
1344.0,0.9306,1.8613,228.5
1345.0,0.8784,1.7567,229.5
1346.0,0.7062,1.4123,228.0
1347.0,0.8144,1.6288,229.5
1348.0,0.6479,1.2957,229.0
1349.0,0.7892,1.5783,228.5
1350.0,0.8841,1.7682,228.5
1351.0,0.6775,1.3551,229.0
1352.0,0.902,1.804,231.0
1353.0,0.6713,1.3426,228.5
1354.0,0.8126,1.6252,232.5
1355.0,0.7673,1.5346,232.5
1356.0,0.5688,1.1376,232.0
1357.0,0.7226,1.4451,231.0
1358.0,0.9353,1.8705,228.5
1359.0,0.7439,1.4879,228.5
1360.0,0.7252,1.4504,228.0
1361.0,0.482,0.964,229.5
1362.0,0.7519,1.5037,230.5
1363.0,0.6228,1.2455,230.0
1364.0,0.6925,1.3849,231.5
1365.0,0.6272,1.2545,232.5
1366.0,0.8677,1.7354,232.5
1367.0,0.9225,1.8449,231.5
1368.0,0.8713,1.7427,228.5
1369.0,0.723,1.446,230.5
1370.0,0.8119,1.6237,232.0
1371.0,0.7132,1.4265,230.5
1372.0,0.7746,1.5492,227.5
1373.0,0.8289,1.6578,232.5
1374.0,0.8829,1.7659,230.5
1375.0,0.8029,1.6058,227.5
1376.0,0.8209,1.6418,231.0
1377.0,0.7868,1.5736,231.0
1378.0,0.8743,1.7486,231.0
1379.0,0.6158,1.2317,231.0
1380.0,0.8546,1.7093,232.5
1381.0,0.8822,1.7644,232.0
1382.0,0.81,1.62,229.0
1383.0,0.7805,1.561,227.5
1384.0,0.6151,1.2301,228.5
1385.0,0.7816,1.5631,228.0
1386.0,0.5642,1.1284,229.0
1387.0,0.9359,1.8718,230.0
1388.0,0.8876,1.7751,232.5
1389.0,0.7686,1.5372,232.5
1390.0,0.5744,1.1488,227.5
1391.0,0.4558,0.9115,229.5
1392.0,0.3423,0.6846,232.5
1393.0,0.7817,1.5634,230.5
1394.0,0.8048,1.6096,232.0
1395.0,0.6916,1.3831,231.5
1396.0,0.9411,1.8822,232.5
1397.0,0.8222,1.6445,230.5
1398.0,0.8696,1.7392,231.0
1399.0,0.8918,1.7836,227.5
1400.0,0.6665,1.333,227.5
1401.0,0.7781,1.5562,227.5
1402.0,0.788,1.576,227.5
1403.0,0.7894,1.5788,228.0
1404.0,0.6792,1.3583,229.5
1405.0,0.5098,1.0195,228.5
1406.0,0.3827,0.7654,229.5
1407.0,0.8769,1.7538,230.0
1408.0,0.6809,1.3618,232.5
1409.0,0.8954,1.7908,229.0
1410.0,0.7602,1.5203,230.0
1411.0,0.9216,1.8432,227.5
1412.0,0.6552,1.3105,231.0
1413.0,0.6509,1.3018,229.5
1414.0,0.7632,1.5265,229.5
1415.0,0.9146,1.8291,228.0
1416.0,0.9734,1.9468,228.0
1417.0,0.8326,1.6652,228.0
1418.0,0.8528,1.7057,227.5
1419.0,0.6822,1.3644,229.5
1420.0,0.9294,1.8588,232.5
1421.0,0.7676,1.5352,228.0
1422.0,0.7959,1.5919,229.0
1423.0,0.8584,1.7167,232.5
1424.0,0.9709,1.9417,231.5
1425.0,0.9016,1.8032,231.5
1426.0,0.8861,1.7721,231.0
1427.0,0.6526,1.3053,231.5
1428.0,0.8757,1.7514,231.5
1429.0,0.9721,1.9443,227.5
1430.0,0.4982,0.9964,231.5
1431.0,0.8525,1.7049,229.5
1432.0,0.9579,1.9159,228.0
1433.0,0.5449,1.0898,232.0
1434.0,0.752,1.504,230.0
1435.0,0.7481,1.4961,230.0
1436.0,0.7433,1.4865,232.0
1437.0,0.8043,1.6085,229.0
1438.0,0.7891,1.5783,228.0
1439.0,0.4838,0.9676,228.5
1440.0,0.6559,1.3119,230.0
1441.0,0.79,1.58,230.0
1442.0,0.7014,1.4028,230.5
1443.0,0.9277,1.8555,231.0
1444.0,0.5301,1.0602,227.5
1445.0,0.762,1.524,230.0
1446.0,0.6886,1.3771,231.0
1447.0,0.6937,1.3874,232.0
1448.0,0.5845,1.1691,228.0
1449.0,0.6712,1.3424,228.0
1450.0,0.8833,1.7665,232.0
1451.0,0.8638,1.7276,232.0
1452.0,0.872,1.744,228.0
1453.0,0.8981,1.7963,228.0
1454.0,0.7787,1.5573,231.0
1455.0,0.6405,1.2811,232.0
1456.0,0.6222,1.2443,231.5
1457.0,0.692,1.3841,228.0
1458.0,0.9208,1.8416,228.0
1459.0,0.7782,1.5565,232.5
1460.0,0.7886,1.5772,232.5
1461.0,0.8586,1.7172,231.5
1462.0,0.5597,1.1194,229.5
1463.0,0.8697,1.7395,228.0
1464.0,0.6739,1.3478,229.0
1465.0,0.9365,1.8729,229.0
1466.0,0.6912,1.3824,230.0
1467.0,0.6782,1.3564,230.0
1468.0,0.732,1.4641,232.0
1469.0,0.4819,0.9638,232.0
1470.0,0.9031,1.8061,232.0
1471.0,0.7933,1.5866,231.0
1472.0,0.7742,1.5484,231.0
1473.0,0.6034,1.2069,231.0
1474.0,0.5524,1.1048,228.5
1475.0,0.9373,1.8746,228.5
1476.0,0.7123,1.4245,232.5
1477.0,0.7666,1.5332,227.5
1478.0,0.6467,1.2934,230.0
1479.0,0.8743,1.7485,232.5
1480.0,0.9743,1.9487,229.5
1481.0,0.9159,1.8317,231.5
1482.0,0.8447,1.6894,231.5
1483.0,0.8246,1.6492,232.5
1484.0,0.7793,1.5587,230.5
1485.0,0.8652,1.7303,229.5
1486.0,0.773,1.546,228.5
1487.0,0.8314,1.6628,231.5
1488.0,0.858,1.716,232.0
1489.0,0.8916,1.7831,231.5
1490.0,0.8055,1.611,228.5
1491.0,0.8042,1.6084,228.5
1492.0,0.7849,1.5699,229.5
1493.0,0.5096,1.0192,229.0
1494.0,0.7771,1.5542,231.0
1495.0,0.8093,1.6186,229.5
1496.0,0.7591,1.5182,228.0
1497.0,0.8488,1.6976,228.5
1498.0,0.8179,1.6358,230.5
1499.0,0.7103,1.4207,228.5
1500.0,0.6314,1.2627,230.0
1501.0,0.7036,1.4072,230.5
1502.0,0.5517,1.1033,231.5
1503.0,0.6709,1.3417,232.0
1504.0,0.667,1.334,232.0
1505.0,0.8243,1.6486,232.0
1506.0,0.9366,1.8733,229.0
1507.0,0.7717,1.5433,229.0
1508.0,0.7799,1.5597,230.5
1509.0,0.7121,1.4242,227.5
1510.0,0.5079,1.0157,229.5
1511.0,0.645,1.29,229.0
1512.0,0.7391,1.4782,229.0
1513.0,0.6386,1.2772,231.5
1514.0,0.6826,1.3651,230.5
1515.0,0.7844,1.5688,231.0
1516.0,0.8094,1.6188,231.0
1517.0,0.8069,1.6139,230.0
1518.0,0.857,1.7141,230.0
1519.0,0.7118,1.4235,228.0
1520.0,0.5486,1.0972,230.0
1521.0,0.6189,1.2378,232.0
1522.0,0.7509,1.5018,231.0
1523.0,0.7049,1.4097,232.5
1524.0,0.7522,1.5045,228.5
1525.0,0.756,1.512,230.0
1526.0,0.2302,0.4605,228.5
1527.0,0.9127,1.8253,228.5
1528.0,0.9139,1.8278,228.5
1529.0,0.7592,1.5185,231.5
1530.0,0.7647,1.5294,228.5
1531.0,0.6366,1.2732,229.5
1532.0,0.5058,1.0116,229.5
1533.0,0.8353,1.6705,229.0
1534.0,0.4602,0.9204,232.5
1535.0,0.8901,1.7803,231.5
1536.0,0.7249,1.4498,231.5
1537.0,0.7775,1.5549,231.5
1538.0,0.6108,1.2217,228.0
1539.0,0.8689,1.7377,228.5
1540.0,0.7677,1.5354,230.5
1541.0,0.8441,1.6882,232.0
1542.0,0.5749,1.1499,228.5
1543.0,0.7878,1.5756,230.5
1544.0,0.7966,1.5932,230.5
1545.0,0.7955,1.5909,229.5
1546.0,0.8475,1.6951,229.5
1547.0,0.5823,1.1645,231.0
1548.0,0.7873,1.5746,231.5
1549.0,0.5264,1.0528,231.0
1550.0,0.7356,1.4713,231.5
1551.0,0.7322,1.4644,232.0
1552.0,0.7779,1.5559,232.0
1553.0,0.7787,1.5575,231.0
1554.0,0.6356,1.2712,231.0
1555.0,0.8231,1.6463,231.0
1556.0,0.8763,1.7527,231.0
1557.0,0.923,1.846,229.5
1558.0,0.8392,1.6784,229.5
1559.0,0.818,1.636,229.5
1560.0,0.6051,1.2102,229.5
1561.0,0.7122,1.4245,232.0
1562.0,0.8278,1.6556,227.5
1563.0,0.8081,1.6163,228.5
1564.0,0.9347,1.8694,232.5
1565.0,0.7229,1.4457,229.5
1566.0,0.561,1.122,228.0
1567.0,0.8802,1.7604,231.5
1568.0,0.9182,1.8364,228.5
1569.0,0.9538,1.9075,229.0
1570.0,0.9287,1.8573,228.0
1571.0,0.7604,1.5209,232.5
1572.0,0.7339,1.4677,229.0
1573.0,0.8573,1.7146,232.0
1574.0,0.6996,1.3993,232.5
1575.0,0.5595,1.119,232.5
1576.0,0.6487,1.2973,229.5
1577.0,0.872,1.744,230.0
1578.0,0.782,1.5639,230.0
1579.0,0.7409,1.4819,230.0
1580.0,0.9388,1.8777,230.0
1581.0,0.6882,1.3763,232.5
1582.0,0.7487,1.4973,229.0
1583.0,0.9604,1.9209,232.5
1584.0,0.9048,1.8096,232.5
1585.0,0.7259,1.4519,231.0
1586.0,0.814,1.628,231.5
1587.0,0.8483,1.6966,231.5
1588.0,0.7578,1.5155,232.5
1589.0,0.9039,1.8078,230.0
1590.0,0.9105,1.8209,230.0
1591.0,0.6959,1.3918,230.0
1592.0,0.9896,1.9793,230.5
1593.0,0.8852,1.7705,230.5
1594.0,0.8497,1.6993,228.5
1595.0,0.7557,1.5115,230.5
1596.0,0.7289,1.4577,229.5
1597.0,0.8604,1.7208,230.0
1598.0,0.8461,1.6923,230.0
1599.0,0.4865,0.973,231.0
1600.0,0.6776,1.3552,231.0
1601.0,0.7141,1.4283,229.5
1602.0,0.8782,1.7565,230.0
1603.0,0.7048,1.4096,232.0
1604.0,0.91,1.82,231.5
1605.0,0.6633,1.3267,229.0
1606.0,0.7148,1.4296,230.0
1607.0,0.6934,1.3869,230.0
1608.0,0.4887,0.9774,231.5
1609.0,0.6388,1.2777,228.0
1610.0,0.5823,1.1646,228.5
1611.0,0.9318,1.8636,232.0
1612.0,0.8006,1.6012,230.0
1613.0,0.6469,1.2939,232.5
1614.0,0.6203,1.2407,230.5
1615.0,0.7435,1.487,231.5
1616.0,0.575,1.15,228.5
1617.0,0.6894,1.3788,228.0
1618.0,0.8805,1.761,230.0
1619.0,0.8129,1.6257,232.0
1620.0,0.965,1.93,231.5
1621.0,0.6734,1.3468,228.0
1622.0,0.6564,1.3128,230.5
1623.0,0.4736,0.9471,229.0
1624.0,0.6567,1.3134,229.0
1625.0,0.6035,1.2069,231.0
1626.0,0.6553,1.3107,231.0
1627.0,0.6868,1.3736,230.0
1628.0,0.7655,1.531,230.0
1629.0,0.8279,1.6559,230.0
1630.0,0.8116,1.6232,232.0
1631.0,0.8557,1.7113,232.0
1632.0,0.8494,1.6988,227.5
1633.0,0.6017,1.2034,227.5
1634.0,0.5317,1.0635,231.5
1635.0,0.6367,1.2734,228.0
1636.0,0.7362,1.4723,230.0
1637.0,0.7992,1.5984,230.0
1638.0,0.8818,1.7635,230.0
1639.0,0.8611,1.7221,230.0
1640.0,0.4377,0.8753,231.5
1641.0,0.8939,1.7879,230.0
1642.0,0.4394,0.8789,232.0
1643.0,0.8618,1.7237,229.0
1644.0,0.8339,1.6678,232.0
1645.0,0.7929,1.5858,230.0
1646.0,0.6529,1.3058,231.5
1647.0,0.8885,1.777,230.5
1648.0,0.6971,1.3942,227.5
1649.0,0.6798,1.3596,227.5
1650.0,0.6412,1.2823,227.5
1651.0,0.6884,1.3768,232.0
1652.0,0.7197,1.4394,230.0
1653.0,0.7869,1.5738,231.5
1654.0,0.7152,1.4305,232.0
1655.0,0.7629,1.5258,232.0
1656.0,0.8633,1.7267,231.5
1657.0,0.7137,1.4275,231.5
1658.0,0.5512,1.1025,228.0
1659.0,0.7032,1.4064,232.0
1660.0,0.511,1.022,228.5
1661.0,0.7454,1.4907,229.0
1662.0,0.649,1.2979,230.5
1663.0,0.7478,1.4956,227.5
1664.0,0.7227,1.4455,232.0
1665.0,0.7537,1.5074,231.5
1666.0,0.811,1.622,228.0
1667.0,0.6654,1.3309,229.5
1668.0,0.8167,1.6334,228.5
1669.0,0.8732,1.7464,227.5
1670.0,0.8487,1.6973,228.5
1671.0,0.9637,1.9275,228.5
1672.0,0.7728,1.5455,228.5
1673.0,0.6995,1.399,227.5
1674.0,0.5915,1.183,231.5
1675.0,0.8912,1.7825,229.5
1676.0,0.7791,1.5582,229.5
1677.0,0.6201,1.2403,229.5
1678.0,0.719,1.438,231.5
1679.0,0.7071,1.4143,231.5
1680.0,0.6036,1.2071,229.0
1681.0,0.5974,1.1949,232.0
1682.0,0.8529,1.7058,229.5
1683.0,0.6857,1.3715,229.5
1684.0,0.605,1.2099,228.0
1685.0,0.7595,1.5191,228.5
1686.0,0.5049,1.0097,231.5
1687.0,0.7907,1.5813,229.5
1688.0,0.6019,1.2038,231.5
1689.0,0.7756,1.5512,228.5
1690.0,0.8427,1.6854,228.5
1691.0,0.6351,1.2702,228.5
1692.0,0.7003,1.4006,229.0
1693.0,0.7032,1.4064,229.0
1694.0,0.8666,1.7332,229.0
1695.0,0.7262,1.4525,229.0
1696.0,0.787,1.5739,229.0
1697.0,0.5463,1.0925,229.5
1698.0,0.7299,1.4598,227.5
1699.0,0.8247,1.6495,230.0
1700.0,0.696,1.392,231.0
1701.0,0.7125,1.4251,229.0
1702.0,0.8152,1.6304,229.0
1703.0,0.801,1.602,231.0
1704.0,0.8164,1.6328,232.5
1705.0,0.5581,1.1162,228.5
1706.0,0.7468,1.4937,232.5
1707.0,0.6304,1.2608,229.5
1708.0,0.8369,1.6737,229.5
1709.0,0.7151,1.4301,229.0
1710.0,0.7182,1.4364,230.0
1711.0,0.6591,1.3182,231.0
1712.0,0.751,1.5021,230.5
1713.0,0.6855,1.371,232.5
1714.0,0.7455,1.4911,228.0
1715.0,0.7309,1.4618,227.5
1716.0,0.6249,1.2497,228.5
1717.0,0.6524,1.3047,230.5
1718.0,0.7142,1.4284,227.5
1719.0,0.7468,1.4937,230.0
1720.0,0.7281,1.4562,229.0
1721.0,0.7314,1.4628,231.5
1722.0,0.7821,1.5642,230.5
1723.0,0.9319,1.8637,231.5
1724.0,0.7211,1.4422,228.0
1725.0,0.7516,1.5033,232.5
1726.0,0.8238,1.6475,232.5
1727.0,0.8705,1.741,229.5
1728.0,0.719,1.438,231.0
1729.0,0.8419,1.6838,232.0
1730.0,0.7133,1.4266,231.0
1731.0,0.7584,1.5168,227.5
1732.0,0.7262,1.4525,231.5
1733.0,0.7942,1.5883,231.0
1734.0,0.7275,1.455,232.5
1735.0,0.6944,1.3888,232.5
1736.0,0.9337,1.8673,229.5
1737.0,0.7724,1.5448,229.5
1738.0,0.6936,1.3872,232.5
1739.0,0.89,1.78,230.5
1740.0,0.7831,1.5661,230.5
1741.0,0.6773,1.3546,229.5
1742.0,0.4763,0.9525,232.0
1743.0,0.6859,1.3717,231.5
1744.0,0.8128,1.6256,230.5
1745.0,0.7347,1.4694,230.5
1746.0,0.8088,1.6176,230.5
1747.0,0.6901,1.3801,229.0
1748.0,0.7217,1.4434,231.5
1749.0,0.6544,1.3088,231.5
1750.0,0.7061,1.4122,229.0
1751.0,0.6239,1.2478,227.5
1752.0,0.5838,1.1675,230.0
1753.0,0.4648,0.9296,229.5
1754.0,0.5104,1.0208,229.5
1755.0,0.6424,1.2847,229.0
1756.0,0.8528,1.7056,230.0
1757.0,0.8528,1.7056,232.0
1758.0,0.7082,1.4165,231.0
1759.0,0.7809,1.5618,231.0
1760.0,0.6633,1.3266,231.0
1761.0,0.6949,1.3899,232.5
1762.0,0.8746,1.7492,232.5
1763.0,0.9043,1.8086,232.5
1764.0,0.7613,1.5226,229.0
1765.0,0.8927,1.7853,231.5
1766.0,0.7904,1.5809,231.5
1767.0,0.594,1.1881,232.5
1768.0,0.8722,1.7443,230.5
1769.0,0.8097,1.6193,230.5
1770.0,0.7211,1.4422,229.0
1771.0,0.7451,1.4901,232.5
1772.0,0.6116,1.2231,230.0
1773.0,0.4902,0.9804,230.5
1774.0,0.7913,1.5826,228.5
1775.0,0.8795,1.7589,232.0
1776.0,0.9089,1.8178,230.5
1777.0,0.9128,1.8256,230.5
1778.0,0.4798,0.9596,231.0
1779.0,0.7761,1.5522,228.0
1780.0,0.7583,1.5166,230.0
1781.0,0.7186,1.4372,227.5
1782.0,0.6188,1.2376,232.0
1783.0,0.8479,1.6959,231.5
1784.0,0.4502,0.9004,231.5
1785.0,0.773,1.5461,229.0
1786.0,0.8614,1.7228,230.5
1787.0,0.6229,1.2459,230.5
1788.0,0.6713,1.3425,230.5
1789.0,0.5916,1.1833,230.5
1790.0,0.6822,1.3645,230.5
1791.0,0.6765,1.353,231.0
1792.0,0.8782,1.7565,227.5
1793.0,0.9508,1.9016,228.5
1794.0,0.8363,1.6726,231.0
1795.0,0.9184,1.8369,228.5
1796.0,0.8945,1.789,230.0
1797.0,0.8,1.6001,230.0
1798.0,0.7539,1.5078,229.0
1799.0,0.7666,1.5333,229.0
1800.0,0.7957,1.5914,229.5
1801.0,0.6465,1.2931,232.5
1802.0,0.5667,1.1334,229.0
1803.0,0.6575,1.3151,229.0
1804.0,0.8931,1.7862,231.0
1805.0,0.6737,1.3474,230.5
1806.0,0.5834,1.1668,230.5
1807.0,0.692,1.3839,227.5
1808.0,0.938,1.876,230.0
1809.0,0.8912,1.7823,230.0
1810.0,0.5273,1.0546,230.0
1811.0,0.626,1.252,227.5
1812.0,0.7602,1.5203,228.0
1813.0,0.7407,1.4814,227.5
1814.0,0.7448,1.4897,229.0
1815.0,0.7292,1.4583,230.0
1816.0,0.946,1.892,230.0
1817.0,0.8785,1.757,229.5
1818.0,0.6788,1.3576,232.0
1819.0,0.7433,1.4866,228.5
1820.0,0.868,1.736,232.0
1821.0,0.682,1.3639,230.5
1822.0,0.8009,1.6017,230.5
1823.0,0.6096,1.2191,229.0
1824.0,0.7191,1.4381,231.0
1825.0,0.9689,1.9378,231.0
1826.0,0.5337,1.0675,230.0
1827.0,0.6157,1.2314,231.5
1828.0,0.7982,1.5963,232.0
1829.0,0.7385,1.4769,228.5
1830.0,0.7061,1.4122,228.5
1831.0,0.7631,1.5262,227.5
1832.0,0.7142,1.4285,229.5
1833.0,0.6352,1.2704,231.5
1834.0,0.7043,1.4086,229.0
1835.0,0.7154,1.4309,229.0
1836.0,0.5679,1.1358,229.0
1837.0,0.6114,1.2228,228.0
1838.0,0.5944,1.1887,231.0
1839.0,0.8274,1.6548,230.0
1840.0,0.7754,1.5508,231.0
1841.0,0.871,1.7421,230.5
1842.0,0.7227,1.4455,230.5
1843.0,0.6517,1.3034,232.5
1844.0,0.4776,0.9552,231.5
1845.0,0.8928,1.7856,228.5
1846.0,0.7943,1.5887,228.5
1847.0,0.5932,1.1865,230.0
1848.0,0.8436,1.6872,229.5
1849.0,0.4784,0.9568,230.0
1850.0,0.8873,1.7745,228.5
1851.0,0.8282,1.6564,228.5
1852.0,0.8462,1.6923,229.0
1853.0,0.444,0.8879,232.0
1854.0,0.5139,1.0277,231.0
1855.0,0.5861,1.1721,230.5
1856.0,0.7409,1.4818,229.0
1857.0,0.5842,1.1684,229.5
1858.0,0.8989,1.7979,228.0
1859.0,0.6417,1.2835,232.5
1860.0,0.9314,1.8627,229.5
1861.0,0.7117,1.4234,228.0
1862.0,0.8898,1.7796,229.0
1863.0,0.955,1.9099,231.0
1864.0,0.8364,1.6728,228.5
1865.0,0.7156,1.4313,229.0
1866.0,0.8603,1.7206,229.0
1867.0,0.6963,1.3926,232.0
1868.0,0.5952,1.1904,231.5
1869.0,0.8488,1.6976,230.5
1870.0,0.6958,1.3915,229.0
1871.0,0.5273,1.0545,228.5
1872.0,0.7756,1.5513,232.0
1873.0,0.6838,1.3676,231.5
1874.0,0.8242,1.6484,231.0
1875.0,0.8225,1.6451,231.5
1876.0,0.6856,1.3711,232.5
1877.0,0.8809,1.7618,231.5
1878.0,0.5796,1.1593,227.5
1879.0,0.4855,0.9709,232.5
1880.0,0.809,1.618,232.0
1881.0,0.7627,1.5253,231.0
1882.0,0.7143,1.4287,231.0
1883.0,0.9551,1.9103,228.5
1884.0,0.9471,1.8941,228.5
1885.0,0.8965,1.7929,228.5
1886.0,0.7149,1.4298,231.0
1887.0,0.8349,1.6698,231.0
1888.0,0.5507,1.1014,229.0
1889.0,0.4769,0.9539,230.5
1890.0,0.4904,0.9808,228.5
1891.0,0.9323,1.8646,230.5
1892.0,0.5875,1.175,227.5
1893.0,0.699,1.398,228.5
1894.0,0.6851,1.3701,230.5
1895.0,0.7457,1.4913,232.0
1896.0,0.7548,1.5097,228.5
1897.0,0.8581,1.7163,230.0
1898.0,0.9255,1.8511,227.5
1899.0,0.8455,1.691,231.5
1900.0,0.84,1.68,231.0
1901.0,0.6785,1.357,228.0
1902.0,0.7271,1.4541,230.0
1903.0,0.8037,1.6074,230.5
1904.0,0.8471,1.6941,227.5
1905.0,0.9141,1.8282,227.5
1906.0,0.7776,1.5552,228.5
1907.0,0.872,1.7441,229.5
1908.0,0.853,1.7059,229.5
1909.0,0.8231,1.6463,229.5
1910.0,0.7242,1.4485,231.0
1911.0,0.7405,1.4811,231.0
1912.0,0.7659,1.5317,230.0
1913.0,0.6503,1.3006,232.5
1914.0,0.4482,0.8965,228.0
1915.0,0.3876,0.7752,231.0
1916.0,0.7983,1.5966,232.5
1917.0,0.9033,1.8067,230.5
1918.0,0.8225,1.6451,230.5
1919.0,0.8348,1.6696,232.0
1920.0,0.9557,1.9114,230.5
1921.0,0.8051,1.6101,230.0
1922.0,0.5084,1.0169,230.0
1923.0,0.7253,1.4505,230.5
1924.0,0.7051,1.4102,230.5
1925.0,0.7335,1.4671,228.5
1926.0,0.7757,1.5513,232.0
1927.0,0.8266,1.6531,228.5
1928.0,0.7342,1.4685,228.0
1929.0,0.7117,1.4234,230.5
1930.0,0.9529,1.9058,231.0
1931.0,0.8637,1.7273,231.0
1932.0,0.8442,1.6885,229.0
1933.0,0.8801,1.7602,229.0
1934.0,0.6988,1.3977,228.5
1935.0,0.7832,1.5665,231.0
1936.0,0.4475,0.8949,229.5
1937.0,0.8302,1.6604,230.5
1938.0,0.6347,1.2695,232.0
1939.0,0.6182,1.2364,232.0
1940.0,0.617,1.2339,232.5
1941.0,0.8049,1.6098,232.0
1942.0,0.9698,1.9395,228.0
1943.0,0.6995,1.3989,231.5
1944.0,0.747,1.494,232.0
1945.0,0.8261,1.6522,231.0
1946.0,0.7833,1.5666,230.0
1947.0,0.8664,1.7329,232.0
1948.0,0.8311,1.6621,227.5
1949.0,0.9283,1.8567,227.5
1950.0,0.8556,1.7112,231.5
1951.0,0.6298,1.2596,227.5
1952.0,0.809,1.618,228.0
1953.0,0.5217,1.0434,229.0
1954.0,0.6932,1.3864,232.5
1955.0,0.6089,1.2177,232.5
1956.0,0.6286,1.2572,232.5
1957.0,0.9218,1.8436,227.5
1958.0,0.9426,1.8851,228.5
1959.0,0.9414,1.8828,228.0
1960.0,0.7929,1.5858,232.5
1961.0,0.8287,1.6573,232.5
1962.0,0.711,1.422,228.0
1963.0,0.7796,1.5592,228.0
1964.0,0.5828,1.1657,231.0
1965.0,0.6575,1.315,228.0
1966.0,0.9749,1.9499,231.5
1967.0,0.9214,1.8429,231.5
1968.0,0.7881,1.5762,228.0
1969.0,0.6291,1.2581,228.0
1970.0,0.9447,1.8894,232.5
1971.0,0.9175,1.8351,229.5
1972.0,0.844,1.688,231.5
1973.0,0.9877,1.9754,231.5
1974.0,0.8494,1.6988,231.0
1975.0,0.6995,1.399,231.0
1976.0,0.8675,1.735,228.0
1977.0,0.7225,1.445,228.5
1978.0,0.5256,1.0513,232.0
1979.0,0.5187,1.0374,228.0
1980.0,0.7469,1.4939,228.0
1981.0,0.8257,1.6514,231.5
1982.0,0.8119,1.6238,230.5
1983.0,0.81,1.6201,229.5
1984.0,0.5113,1.0225,231.0
1985.0,0.5856,1.1711,230.5
1986.0,0.7449,1.4897,229.5
1987.0,0.8731,1.7462,228.5
1988.0,0.8197,1.6393,228.5
1989.0,0.891,1.782,232.5
1990.0,0.8768,1.7536,229.0
1991.0,0.7083,1.4166,229.0
1992.0,0.6668,1.3337,230.5
1993.0,0.6173,1.2346,230.0
1994.0,0.841,1.682,227.5
1995.0,0.9404,1.8808,230.0
1996.0,0.8854,1.7708,232.5
1997.0,0.6864,1.3728,230.5
1998.0,0.7807,1.5613,230.5
1999.0,0.9678,1.9356,228.5
2000.0,0.2249,0.4499,232.0
2001.0,0.6748,1.3497,231.5
2002.0,0.7435,1.487,232.5
2003.0,0.5733,1.1466,232.5
2004.0,0.5614,1.1228,229.0
2005.0,0.9708,1.9416,230.0
2006.0,0.9076,1.8153,231.5
2007.0,0.7335,1.4669,231.5
2008.0,0.899,1.798,227.5
2009.0,0.625,1.2501,228.0
2010.0,0.9801,1.9602,228.0
2011.0,0.8234,1.6469,228.0
2012.0,0.8639,1.7279,228.0
2013.0,0.5145,1.029,228.0
2014.0,0.7404,1.4809,230.0
2015.0,0.4553,0.9107,228.0
2016.0,0.7988,1.5976,228.0
2017.0,0.7586,1.5173,232.0
2018.0,0.5647,1.1295,229.0
2019.0,0.5962,1.1923,230.0
2020.0,0.7368,1.4736,231.0
2021.0,0.8231,1.6463,230.5
2022.0,0.9396,1.8791,228.0
2023.0,0.5707,1.1414,228.0
2024.0,0.7193,1.4386,229.0
2025.0,0.6131,1.2263,229.0
2026.0,0.7367,1.4734,232.0
2027.0,0.6674,1.3347,232.0
2028.0,0.7617,1.5234,232.5
2029.0,0.6682,1.3364,228.5
2030.0,0.76,1.5201,232.5
2031.0,0.6693,1.3386,229.5
2032.0,0.6086,1.2172,231.5
2033.0,0.885,1.7699,229.5
2034.0,0.8263,1.6526,232.0
2035.0,0.9704,1.9408,228.5
2036.0,0.7248,1.4496,228.0
2037.0,0.5888,1.1776,228.0
2038.0,0.7481,1.4961,230.0
2039.0,0.8322,1.6644,232.5
2040.0,0.6396,1.2791,232.5
2041.0,0.6742,1.3484,231.0
2042.0,0.7017,1.4034,229.5
2043.0,0.6901,1.3803,228.5
2044.0,0.7758,1.5516,229.5
2045.0,0.7436,1.4872,229.5
2046.0,0.9037,1.8075,232.5
2047.0,0.805,1.6099,227.5
2048.0,0.7394,1.4788,232.0
2049.0,0.7173,1.4347,232.5
2050.0,0.8707,1.7414,232.0
2051.0,0.5252,1.0505,231.5
2052.0,0.7905,1.581,231.0
2053.0,0.6918,1.3836,227.5
2054.0,0.7692,1.5384,227.5
2055.0,0.5791,1.1583,231.5
2056.0,0.7978,1.5957,231.0
2057.0,0.8541,1.7081,231.5
2058.0,0.9281,1.8562,227.5
2059.0,0.4737,0.9474,229.5
2060.0,0.5326,1.0652,231.0
2061.0,0.6323,1.2645,229.0
2062.0,0.842,1.6839,230.0
2063.0,0.7226,1.4451,231.0
2064.0,0.5299,1.0599,230.0
2065.0,0.8232,1.6464,230.5
2066.0,0.9195,1.839,230.5
2067.0,0.7463,1.4925,229.5
2068.0,0.8415,1.6831,228.0
2069.0,0.7978,1.5955,229.5
2070.0,0.7548,1.5097,227.5
2071.0,0.6379,1.2758,229.0
2072.0,0.8355,1.671,229.0
2073.0,0.7673,1.5345,232.5
2074.0,0.648,1.2961,232.5
2075.0,0.8196,1.6391,229.0
2076.0,0.8841,1.7683,230.5
2077.0,0.6437,1.2874,228.0
2078.0,0.9066,1.8133,229.0
2079.0,0.6833,1.3666,230.0
2080.0,0.5333,1.0666,232.0
2081.0,0.5159,1.0319,227.5
2082.0,0.8269,1.6537,228.0
2083.0,0.7425,1.485,231.5
2084.0,0.6722,1.3444,229.0
2085.0,0.6496,1.2993,229.5
2086.0,0.6967,1.3933,231.0
2087.0,0.5837,1.1675,228.5
2088.0,0.6715,1.343,232.0
2089.0,0.5619,1.1239,229.5
2090.0,0.798,1.596,228.0
2091.0,0.8773,1.7547,230.0
2092.0,0.884,1.7679,232.5
2093.0,0.9006,1.8013,232.0
2094.0,0.7507,1.5014,232.0
2095.0,0.8177,1.6354,230.5
2096.0,0.8435,1.6871,230.5
2097.0,0.61,1.22,230.5
2098.0,0.4747,0.9495,230.5
2099.0,0.9604,1.9208,227.5
2100.0,0.4666,0.9332,228.0
2101.0,0.805,1.61,232.0
2102.0,0.7832,1.5663,228.0
2103.0,0.7167,1.4334,227.5
2104.0,0.538,1.076,231.0
2105.0,0.7937,1.5874,229.5
2106.0,0.8072,1.6145,229.0
2107.0,0.9198,1.8395,230.5
2108.0,0.9423,1.8846,230.5
2109.0,0.8273,1.6545,229.0
2110.0,0.9049,1.8098,229.0
2111.0,0.7893,1.5785,229.0
2112.0,0.8474,1.6948,230.0
2113.0,0.6909,1.3818,232.5
2114.0,0.7915,1.583,230.5
2115.0,0.6335,1.267,227.5
2116.0,0.685,1.37,230.0
2117.0,0.9229,1.8459,231.0
2118.0,0.7842,1.5685,232.0
2119.0,0.8311,1.6622,232.0
2120.0,0.572,1.144,231.0
2121.0,0.7839,1.5677,231.0
2122.0,0.575,1.1501,228.5
2123.0,0.6149,1.2299,229.5
2124.0,0.8765,1.7529,231.0
2125.0,0.5905,1.181,232.5
2126.0,0.9205,1.8409,230.5
2127.0,0.8782,1.7563,229.0
2128.0,0.5357,1.0714,227.5
2129.0,0.5246,1.0492,232.5
2130.0,0.6718,1.3437,231.0
2131.0,0.5255,1.051,229.5
2132.0,0.6744,1.3487,232.5
2133.0,0.8644,1.7287,229.5
2134.0,0.725,1.45,228.5
2135.0,0.5988,1.1976,229.5
2136.0,0.9231,1.8463,229.0
2137.0,0.7762,1.5524,227.5
2138.0,0.7396,1.4792,227.5
2139.0,0.4657,0.9313,232.0
2140.0,0.8367,1.6734,228.5
2141.0,0.8163,1.6325,230.0
2142.0,0.5973,1.1946,230.0
2143.0,0.805,1.6099,231.5
2144.0,0.8141,1.6281,228.5
2145.0,0.5838,1.1676,229.0
2146.0,0.7248,1.4495,232.0
2147.0,0.5188,1.0375,229.0
2148.0,0.4491,0.8981,232.0
2149.0,0.6865,1.373,232.0
2150.0,0.8559,1.7119,231.0
2151.0,0.7785,1.5569,229.5
2152.0,0.5637,1.1274,232.5
2153.0,0.7229,1.4458,229.0
2154.0,0.5778,1.1556,228.5
2155.0,0.7993,1.5985,229.5
2156.0,0.4977,0.9953,228.0
2157.0,0.765,1.53,231.5
2158.0,0.8917,1.7833,228.5
2159.0,0.8343,1.6685,228.5
2160.0,0.8288,1.6576,228.0
2161.0,0.7082,1.4165,228.0
2162.0,0.7802,1.5604,230.0
2163.0,0.7778,1.5557,229.5
2164.0,0.8383,1.6766,232.5
2165.0,0.9248,1.8495,227.5
2166.0,0.8311,1.6621,228.0
2167.0,0.9521,1.9043,228.0
2168.0,0.7071,1.4141,231.0
2169.0,0.7412,1.4824,231.0
2170.0,0.8554,1.7107,231.0
2171.0,0.954,1.9081,231.0
2172.0,0.963,1.9259,231.0
2173.0,0.7178,1.4356,228.0
2174.0,0.7643,1.5285,230.0
2175.0,0.6599,1.3198,228.5
2176.0,0.7442,1.4883,228.5
2177.0,0.604,1.208,228.5
2178.0,0.397,0.794,231.0
2179.0,0.6477,1.2954,232.5
2180.0,0.5968,1.1937,230.5
2181.0,0.7505,1.501,230.5
2182.0,0.5427,1.0855,229.0
2183.0,0.4141,0.8283,228.0
2184.0,0.4765,0.953,230.0
2185.0,0.7998,1.5996,228.0
2186.0,0.5738,1.1476,231.0
2187.0,0.4191,0.8383,228.5
2188.0,0.6091,1.2183,229.5
2189.0,0.9516,1.9032,228.0
2190.0,0.9368,1.8737,228.0
2191.0,0.77,1.5399,227.5
2192.0,0.8208,1.6416,232.5
2193.0,0.9035,1.8069,229.5
2194.0,0.7191,1.4381,229.5
2195.0,0.6348,1.2696,229.5
2196.0,0.7224,1.4448,229.0
2197.0,0.7635,1.5271,229.0
2198.0,0.7582,1.5164,227.5
2199.0,0.7956,1.5912,227.5
2200.0,0.8472,1.6944,231.5
2201.0,0.6744,1.3489,228.5
2202.0,0.8413,1.6827,228.5
2203.0,0.7952,1.5903,228.5
2204.0,0.7654,1.5308,228.5
2205.0,0.6825,1.365,228.5
2206.0,0.9588,1.9176,230.0
2207.0,0.4999,0.9999,230.5
2208.0,0.7834,1.5668,228.0
2209.0,0.8342,1.6684,230.5
2210.0,0.9579,1.9158,232.5
2211.0,0.8209,1.6418,232.5
2212.0,0.6653,1.3307,232.5
2213.0,0.7677,1.5355,232.5
2214.0,0.7531,1.5062,227.5
2215.0,0.6911,1.3821,228.5
2216.0,0.854,1.708,227.5
2217.0,0.6379,1.2757,229.0
2218.0,0.7302,1.4605,230.0
2219.0,0.5982,1.1964,229.5
2220.0,0.7603,1.5205,228.0
2221.0,0.767,1.534,229.5
2222.0,0.5028,1.0056,229.5
2223.0,0.89,1.7799,230.5
2224.0,0.8746,1.7491,229.0
2225.0,0.72,1.4401,228.0
2226.0,0.8439,1.6879,227.5
2227.0,0.7147,1.4294,230.0
2228.0,0.7869,1.5738,228.5
2229.0,0.8398,1.6797,228.5
2230.0,0.793,1.5859,229.5
2231.0,0.8636,1.7272,229.0
2232.0,0.6894,1.3789,232.5
2233.0,0.9066,1.8132,231.5
2234.0,0.7675,1.5351,231.5
2235.0,0.5518,1.1037,231.5
2236.0,0.7845,1.5691,232.5
2237.0,0.9103,1.8206,230.5
2238.0,0.9537,1.9074,230.5
2239.0,0.9416,1.8832,230.5
2240.0,0.8678,1.7356,230.5
2241.0,0.7934,1.5867,229.5
2242.0,0.5468,1.0937,229.5
2243.0,0.6456,1.2912,232.0
2244.0,0.8005,1.601,228.0
2245.0,0.7683,1.5367,229.0
2246.0,0.7348,1.4697,232.0
2247.0,0.9163,1.8326,228.5
2248.0,0.7141,1.4282,228.0
2249.0,0.559,1.1181,231.0
2250.0,0.6318,1.2636,229.0
2251.0,0.8132,1.6265,227.5
2252.0,0.8038,1.6077,228.0
2253.0,0.6871,1.3742,230.0
2254.0,0.5781,1.1562,227.5
2255.0,0.7459,1.4918,228.5
2256.0,0.8113,1.6226,232.0
2257.0,0.6366,1.2732,230.0
2258.0,0.5238,1.0476,231.0
2259.0,0.564,1.128,232.0
2260.0,0.4046,0.8091,230.5
2261.0,0.5639,1.1278,230.5
2262.0,0.8611,1.7221,230.5
2263.0,0.6725,1.3449,230.5
2264.0,0.8053,1.6106,228.0
2265.0,0.6145,1.229,231.5
2266.0,0.779,1.5579,230.5
2267.0,0.7327,1.4655,230.5
2268.0,0.4234,0.8468,230.0
2269.0,0.9233,1.8466,231.5
2270.0,0.5524,1.1048,230.5
2271.0,0.6842,1.3684,228.5
2272.0,0.6046,1.2093,230.5
2273.0,0.5415,1.0831,228.5
2274.0,0.9012,1.8024,227.5
2275.0,0.6769,1.3539,229.5
2276.0,0.4821,0.9642,231.5
2277.0,0.7825,1.565,228.5
2278.0,0.7048,1.4096,229.5
2279.0,0.7209,1.4417,232.0
2280.0,0.7738,1.5476,231.5
2281.0,0.7562,1.5125,228.0
2282.0,0.6947,1.3894,232.0
2283.0,0.8474,1.6947,227.5
2284.0,0.8022,1.6044,227.5
2285.0,0.6489,1.2978,231.5
2286.0,0.7851,1.5702,232.5
2287.0,0.9082,1.8164,232.0
2288.0,0.6926,1.3852,230.0
2289.0,0.4763,0.9526,231.5
2290.0,0.5378,1.0757,228.0
2291.0,0.8896,1.7792,227.5
2292.0,0.7987,1.5975,227.5
2293.0,0.8325,1.665,229.0
2294.0,0.9287,1.8574,227.5
2295.0,0.798,1.5961,227.5
2296.0,0.8685,1.737,229.0
2297.0,0.5126,1.0252,230.0
2298.0,0.7059,1.4118,230.0
2299.0,0.9452,1.8904,230.5
2300.0,0.9589,1.9179,229.0
2301.0,0.8677,1.7354,227.5
2302.0,0.7724,1.5449,227.5
2303.0,0.4793,0.9587,230.0
2304.0,0.6375,1.275,228.0
2305.0,0.9152,1.8304,229.5
2306.0,0.9114,1.8228,231.0
2307.0,0.722,1.4441,230.0
2308.0,0.7989,1.5977,231.5
2309.0,0.9801,1.9602,231.5
2310.0,0.7563,1.5126,227.5
2311.0,0.7068,1.4135,229.5
2312.0,0.5779,1.1559,228.0
2313.0,0.6713,1.3427,232.0
2314.0,0.4379,0.8759,230.5
2315.0,0.644,1.288,231.0
2316.0,0.7168,1.4336,232.5
2317.0,0.6682,1.3363,227.5
2318.0,0.5608,1.1216,227.5
2319.0,0.9016,1.8032,230.5
2320.0,0.592,1.1841,230.5
2321.0,0.3617,0.7233,227.5
2322.0,0.809,1.6181,227.5
2323.0,0.7599,1.5198,231.5
2324.0,0.6695,1.3391,228.0
2325.0,0.2036,0.4072,230.0
2326.0,0.3603,0.7207,230.0
2327.0,0.6006,1.2013,228.5
2328.0,0.8814,1.7628,228.5
2329.0,0.684,1.368,232.5
2330.0,0.972,1.9439,230.5
2331.0,0.9965,1.993,230.5
2332.0,0.8747,1.7494,232.5
2333.0,0.8729,1.7459,228.5
2334.0,0.7192,1.4383,229.5
2335.0,0.8544,1.7088,228.5
2336.0,0.8519,1.7037,228.5
2337.0,0.854,1.708,228.0
2338.0,0.8268,1.6536,228.0
2339.0,0.9327,1.8655,231.0
2340.0,0.9696,1.9392,228.5
2341.0,0.7772,1.5544,229.0
2342.0,0.6978,1.3957,227.5
2343.0,0.5707,1.1413,229.5
2344.0,0.6773,1.3546,228.0
2345.0,0.5261,1.0522,229.5
2346.0,0.5677,1.1355,229.0
2347.0,0.6143,1.2286,229.0
2348.0,0.6206,1.2412,228.5
2349.0,0.9243,1.8486,227.5
2350.0,0.9877,1.9753,227.5
2351.0,0.4845,0.969,231.5
2352.0,0.835,1.6699,231.0
2353.0,0.6935,1.3871,231.0
2354.0,0.7706,1.5412,228.5
2355.0,0.6099,1.2199,232.5
2356.0,0.6517,1.3034,228.0
2357.0,0.7229,1.4457,232.5
2358.0,0.9309,1.8618,228.0
2359.0,0.8596,1.7192,232.0
2360.0,0.861,1.7219,230.0
2361.0,0.8627,1.7254,230.5
2362.0,0.7207,1.4413,230.0
2363.0,0.6664,1.3328,229.0
2364.0,0.6203,1.2406,229.5
2365.0,0.6076,1.2151,231.0
2366.0,0.752,1.5039,231.5
2367.0,0.7177,1.4354,232.5
2368.0,0.4814,0.9628,228.0
2369.0,0.6096,1.2193,231.0
2370.0,0.7855,1.571,231.5
2371.0,0.9117,1.8235,228.5
2372.0,0.5677,1.1355,232.0
2373.0,0.7132,1.4264,228.5
2374.0,0.8544,1.7088,230.5
2375.0,0.5511,1.1023,228.5
2376.0,0.6009,1.2017,228.5
2377.0,0.9003,1.8005,231.0
2378.0,0.8184,1.6368,227.5
2379.0,0.8009,1.6017,228.0
2380.0,0.5657,1.1315,231.0
2381.0,0.6317,1.2633,227.5
2382.0,0.622,1.2441,231.5
2383.0,0.615,1.2299,229.5
2384.0,0.8243,1.6486,231.5
2385.0,0.8507,1.7014,228.0
2386.0,0.9255,1.8509,232.5
2387.0,0.5611,1.1221,230.0
2388.0,0.6856,1.3712,229.0
2389.0,0.4724,0.9448,227.5
2390.0,0.4331,0.8661,227.5
2391.0,0.5834,1.1668,227.5
2392.0,0.6202,1.2403,231.0
2393.0,0.6626,1.3251,232.5
2394.0,0.729,1.458,230.0
2395.0,0.8196,1.6391,229.0
2396.0,0.748,1.496,227.5
2397.0,0.7551,1.5103,228.0
2398.0,0.7911,1.5821,229.5
2399.0,0.7096,1.4192,231.0
2400.0,0.8374,1.6748,230.5
2401.0,0.603,1.206,232.5
2402.0,0.6448,1.2897,227.5
2403.0,0.785,1.57,231.5
2404.0,0.88,1.7601,231.5
2405.0,0.5656,1.1312,230.0
2406.0,0.7777,1.5555,227.5
2407.0,0.93,1.8599,231.0
2408.0,0.5033,1.0067,228.0
2409.0,0.4089,0.8179,231.0
2410.0,0.7088,1.4176,229.5
2411.0,0.8071,1.6143,229.5
2412.0,0.6649,1.3299,231.0
2413.0,0.5695,1.139,228.5
2414.0,0.5816,1.1633,230.0
2415.0,0.3674,0.7348,229.5
2416.0,0.4893,0.9786,230.5
2417.0,0.7619,1.5237,231.0
2418.0,0.583,1.1661,231.0
2419.0,0.4767,0.9535,231.5
2420.0,0.788,1.576,230.5
2421.0,0.779,1.558,229.0
2422.0,0.8358,1.6715,230.0
2423.0,0.6101,1.2202,230.0
2424.0,0.8687,1.7374,230.0
2425.0,0.7649,1.5297,229.0
2426.0,0.7361,1.4722,228.0
2427.0,0.7988,1.5976,228.5
2428.0,0.5286,1.0572,227.5
2429.0,0.857,1.714,231.0
2430.0,0.8465,1.6929,229.5
2431.0,0.6411,1.2821,229.0
2432.0,0.7334,1.4668,229.5
2433.0,0.5511,1.1022,231.5
2434.0,0.4608,0.9216,230.5
2435.0,0.8816,1.7632,229.0
2436.0,0.8456,1.6912,230.5
2437.0,0.7761,1.5522,230.5
2438.0,0.8797,1.7594,232.0
2439.0,0.7901,1.5801,229.0
2440.0,0.8643,1.7285,229.0
2441.0,0.6693,1.3386,227.5
2442.0,0.7665,1.5329,227.5
2443.0,0.8292,1.6584,228.0
2444.0,0.9644,1.9288,232.5
2445.0,0.891,1.7819,230.0
2446.0,0.8977,1.7954,231.5
2447.0,0.7655,1.531,227.5
2448.0,0.7285,1.4569,232.0
2449.0,0.8121,1.6242,230.0
2450.0,0.6503,1.3007,230.0
2451.0,0.8516,1.7031,229.5
2452.0,0.5769,1.1538,227.5
2453.0,0.5096,1.0193,231.5
2454.0,0.9249,1.8499,231.5
2455.0,0.9406,1.8811,232.5
2456.0,0.8648,1.7296,232.5
2457.0,0.5164,1.0329,229.5
2458.0,0.6471,1.2943,227.5
2459.0,0.6125,1.2251,232.5
2460.0,0.6195,1.2391,229.5
2461.0,0.9446,1.8893,231.0
2462.0,0.5616,1.1231,228.0
2463.0,0.5287,1.0573,231.5
2464.0,0.3899,0.7797,232.0
2465.0,0.849,1.698,229.5
2466.0,0.6119,1.2237,232.0
2467.0,0.6272,1.2544,227.5
2468.0,0.613,1.2261,230.0
2469.0,0.8508,1.7015,230.5
2470.0,0.8676,1.7352,230.5
2471.0,0.7708,1.5416,227.5
2472.0,0.4412,0.8825,232.5
2473.0,0.3021,0.6041,229.5
2474.0,0.7654,1.5309,231.0
2475.0,0.6722,1.3444,231.0
2476.0,0.757,1.5141,229.0
2477.0,0.7829,1.5659,229.0
2478.0,0.9162,1.8324,231.5
2479.0,0.9121,1.8241,230.0
2480.0,0.9443,1.8887,229.0
2481.0,0.7823,1.5647,229.0
2482.0,0.681,1.362,230.0
2483.0,0.7027,1.4054,231.5
2484.0,0.9083,1.8167,227.5
2485.0,0.8131,1.6262,231.5
2486.0,0.7987,1.5973,228.5
2487.0,0.9509,1.9018,229.5
2488.0,0.8511,1.7021,229.5
2489.0,0.7098,1.4195,230.5
2490.0,0.6294,1.2588,230.5
2491.0,0.667,1.334,229.0
2492.0,0.5052,1.0105,232.5
2493.0,0.7278,1.4556,227.5
2494.0,0.9179,1.8358,227.5
2495.0,0.9439,1.8878,227.5
2496.0,0.7916,1.5832,231.0
2497.0,0.7001,1.4002,228.0
2498.0,0.8285,1.657,232.5
2499.0,0.9335,1.867,228.5
2500.0,0.8189,1.6378,228.5
2501.0,0.5677,1.1355,232.0
2502.0,0.8715,1.743,231.0
2503.0,0.8921,1.7843,231.0
2504.0,0.9042,1.8083,228.5
2505.0,0.7685,1.5369,231.0
2506.0,0.7161,1.4323,231.5
2507.0,0.7953,1.5905,231.0
2508.0,0.655,1.3101,227.5
2509.0,0.7547,1.5094,228.5
2510.0,0.5475,1.0951,229.0
2511.0,0.7972,1.5944,229.5
2512.0,0.9639,1.9277,231.5
2513.0,0.8375,1.6751,231.0
2514.0,0.4631,0.9262,231.0
2515.0,0.3359,0.6719,231.0
2516.0,0.9617,1.9235,232.0
2517.0,0.5426,1.0851,232.0
2518.0,0.4679,0.9357,232.5
2519.0,0.7109,1.4218,231.5
2520.0,0.6099,1.2197,230.5
2521.0,0.7496,1.4992,230.5
2522.0,0.8706,1.7412,230.5
2523.0,0.7138,1.4275,228.0
2524.0,0.6427,1.2854,232.0
2525.0,0.5175,1.0351,228.5
2526.0,0.8138,1.6277,228.0
2527.0,0.8244,1.6489,227.5
2528.0,0.7052,1.4104,227.5
2529.0,0.8171,1.6342,230.5
2530.0,0.7657,1.5315,232.5
2531.0,0.7377,1.4754,229.0
2532.0,0.8067,1.6133,230.0
2533.0,0.8145,1.6291,231.5
2534.0,0.8299,1.6599,229.0
2535.0,0.7345,1.469,229.5
2536.0,0.5946,1.1891,231.0
2537.0,0.3884,0.7768,232.5
2538.0,0.6197,1.2393,230.0
2539.0,0.8735,1.747,230.0
2540.0,0.6739,1.3479,228.0
2541.0,0.882,1.7639,228.0
2542.0,0.8772,1.7543,228.0
2543.0,0.834,1.668,229.0
2544.0,0.7478,1.4956,228.5
2545.0,0.9561,1.9123,231.0
2546.0,0.8323,1.6647,231.5
2547.0,0.9085,1.8169,231.5
2548.0,0.9215,1.8429,231.0
2549.0,0.7737,1.5473,230.0
2550.0,0.4981,0.9962,231.5
2551.0,0.7024,1.4048,227.5
2552.0,0.8468,1.6936,230.0
2553.0,0.6542,1.3085,231.5
2554.0,0.5723,1.1447,231.5
2555.0,0.471,0.942,229.5
2556.0,0.4636,0.9272,228.5
2557.0,0.7422,1.4844,232.0
2558.0,0.7373,1.4746,230.5
2559.0,0.8593,1.7186,227.5
2560.0,0.8366,1.6732,231.0
2561.0,0.833,1.6661,230.5
2562.0,0.5361,1.0722,230.5
2563.0,0.8734,1.7469,232.5
2564.0,0.6283,1.2566,231.5
2565.0,0.9096,1.8191,229.0
2566.0,0.623,1.2461,231.5
2567.0,0.371,0.742,228.5
2568.0,0.6601,1.3201,228.5
2569.0,0.6618,1.3235,232.0
2570.0,0.8424,1.6848,230.5
2571.0,0.6958,1.3915,230.0
2572.0,0.7084,1.4169,230.0
2573.0,0.6531,1.3062,228.0
2574.0,0.7601,1.5202,228.0
2575.0,0.7947,1.5895,229.0
2576.0,0.6093,1.2186,229.0
2577.0,0.9046,1.8091,231.5
2578.0,0.908,1.816,231.5
2579.0,0.8624,1.7247,230.0
2580.0,0.8214,1.6429,231.0
2581.0,0.8443,1.6886,230.5
2582.0,0.8693,1.7386,227.5
2583.0,0.6938,1.3876,231.0
2584.0,0.8871,1.7742,231.0
2585.0,0.6735,1.347,228.5
2586.0,0.9181,1.8362,231.5
2587.0,0.883,1.766,232.0
2588.0,0.6159,1.2318,228.0
2589.0,0.7683,1.5365,229.0
2590.0,0.913,1.826,232.5
2591.0,0.7358,1.4717,231.0
2592.0,0.8475,1.695,231.0
2593.0,0.6482,1.2964,229.5
2594.0,0.5334,1.0668,229.5
2595.0,0.846,1.6921,228.5
2596.0,0.7678,1.5355,232.5
2597.0,0.684,1.3681,229.5
2598.0,0.7264,1.4529,232.0
2599.0,0.7631,1.5262,232.5
2600.0,0.7763,1.5525,232.5
2601.0,0.8894,1.7787,232.5
2602.0,0.8254,1.6508,229.5
2603.0,0.8307,1.6613,229.5
2604.0,0.6711,1.3422,227.5
2605.0,0.4955,0.9911,230.5
2606.0,0.6762,1.3523,228.5
2607.0,0.9258,1.8515,230.5
2608.0,0.6628,1.3256,232.5
2609.0,0.8588,1.7176,227.5
2610.0,0.7629,1.5258,227.5
2611.0,0.7975,1.5949,228.5
2612.0,0.6778,1.3556,231.5
2613.0,0.6045,1.2089,228.0
2614.0,0.6854,1.3709,228.0
2615.0,0.5996,1.1991,232.0
2616.0,0.6548,1.3096,227.5
2617.0,0.7619,1.5239,232.0
2618.0,0.7852,1.5705,231.0
2619.0,0.6512,1.3025,232.5
2620.0,0.5743,1.1486,227.5
2621.0,0.5271,1.0541,230.5
2622.0,0.8473,1.6947,230.0
2623.0,0.6075,1.2149,228.5
2624.0,0.6316,1.2632,231.5
2625.0,0.6148,1.2295,228.0
2626.0,0.7372,1.4744,228.5
2627.0,0.9204,1.8409,229.5
2628.0,0.8348,1.6696,232.0
2629.0,0.7224,1.4447,231.0
2630.0,0.8454,1.6908,231.0
2631.0,0.941,1.8821,231.0
2632.0,0.8568,1.7137,231.0
2633.0,0.6961,1.3921,230.5
2634.0,0.6285,1.2571,231.5
2635.0,0.92,1.8399,227.5
2636.0,0.6931,1.3863,231.0
2637.0,0.6956,1.3913,231.0
2638.0,0.5443,1.0886,231.0
2639.0,0.7788,1.5576,231.5
2640.0,0.8082,1.6164,230.0
2641.0,0.9338,1.8675,231.0
2642.0,0.9404,1.8809,231.5
2643.0,0.9177,1.8355,231.5
2644.0,0.6502,1.3005,231.5
2645.0,0.7198,1.4395,231.5
2646.0,0.6139,1.2278,231.5
2647.0,0.9318,1.8635,232.0
2648.0,0.4915,0.9831,232.0
2649.0,0.5855,1.1711,232.5
2650.0,0.6349,1.2698,232.5
2651.0,0.8139,1.6278,229.5
2652.0,0.6353,1.2706,228.0
2653.0,0.7463,1.4925,227.5
2654.0,0.6549,1.3099,232.0
2655.0,0.6632,1.3264,228.5
2656.0,0.7747,1.5495,230.0
2657.0,0.9187,1.8373,228.5
2658.0,0.5309,1.0618,228.0
2659.0,0.8488,1.6976,232.5
2660.0,0.9419,1.8838,231.5
2661.0,0.8475,1.695,232.0
2662.0,0.4819,0.9638,230.5
2663.0,0.5482,1.0964,228.0
2664.0,0.8048,1.6096,230.5
2665.0,0.8365,1.673,229.5
2666.0,0.9477,1.8953,229.5
2667.0,0.5532,1.1063,229.0
2668.0,0.8214,1.6429,228.5
2669.0,0.6946,1.3891,228.5
2670.0,0.8002,1.6005,231.0
2671.0,0.8181,1.6362,229.0
2672.0,0.6793,1.3586,229.5
2673.0,0.9676,1.9352,232.5
2674.0,0.9049,1.8099,228.5
2675.0,0.7196,1.4391,229.5
2676.0,0.7026,1.4052,232.5
2677.0,0.7431,1.4861,231.5
2678.0,0.7575,1.515,232.5
2679.0,0.8807,1.7613,231.0
2680.0,0.8825,1.7651,231.0
2681.0,0.8011,1.6021,228.0
2682.0,0.584,1.1679,230.0
2683.0,0.7735,1.547,229.0
2684.0,0.513,1.026,231.5
2685.0,0.9172,1.8344,229.5
2686.0,0.8217,1.6434,227.5
2687.0,0.8154,1.6308,230.5
2688.0,0.9205,1.8409,230.5
2689.0,0.7054,1.4108,231.0
2690.0,0.5166,1.0332,227.5
2691.0,0.5699,1.1399,230.0
2692.0,0.606,1.2121,228.0
2693.0,0.7535,1.5071,227.5
2694.0,0.8932,1.7864,230.0
2695.0,0.9512,1.9024,232.0
2696.0,0.8452,1.6904,232.0
2697.0,0.8484,1.6969,232.0
2698.0,0.953,1.906,230.5
2699.0,0.775,1.5499,230.5
2700.0,0.787,1.5739,230.0
2701.0,0.8303,1.6605,230.5
2702.0,0.8035,1.607,228.0
2703.0,0.5307,1.0615,228.0
2704.0,0.6416,1.2832,232.0
2705.0,0.8169,1.6337,229.0
2706.0,0.9248,1.8495,230.0
2707.0,0.9522,1.9044,229.0
2708.0,0.75,1.5,229.5
2709.0,0.8976,1.7951,229.5
2710.0,0.9519,1.9038,229.5
2711.0,0.9219,1.8438,232.0
2712.0,0.8296,1.6593,229.0
2713.0,0.6629,1.3258,229.0
2714.0,0.7834,1.5668,232.5
2715.0,0.89,1.78,227.5
2716.0,0.815,1.63,232.5
2717.0,0.7343,1.4686,232.5
2718.0,0.8331,1.6661,229.0
2719.0,0.8625,1.725,232.5
2720.0,0.8251,1.6502,232.0
2721.0,0.7593,1.5186,231.5
2722.0,0.8301,1.6601,230.0
2723.0,0.7164,1.4329,228.0
2724.0,0.549,1.098,228.5
2725.0,0.9408,1.8817,231.0
2726.0,0.8871,1.7743,229.5
2727.0,0.6007,1.2013,227.5
2728.0,0.8937,1.7874,230.0
2729.0,0.8108,1.6216,231.5
2730.0,0.8151,1.6303,230.0
2731.0,0.7317,1.4634,231.0
2732.0,0.9343,1.8685,229.5
2733.0,0.9137,1.8274,230.5
2734.0,0.9405,1.881,228.5
2735.0,0.7878,1.5756,232.5
2736.0,0.7048,1.4097,232.5
2737.0,0.5889,1.1779,229.0
2738.0,0.8375,1.6751,230.0
2739.0,0.916,1.832,230.5
2740.0,0.8512,1.7025,230.5
2741.0,0.8376,1.6752,230.0
2742.0,0.9133,1.8266,230.0
2743.0,0.6579,1.3159,232.0
2744.0,0.7485,1.4969,229.5
2745.0,0.6309,1.2618,228.0
2746.0,0.9209,1.8418,229.0
2747.0,0.829,1.658,229.5
2748.0,0.8281,1.6562,227.5
2749.0,0.8346,1.6692,230.0
2750.0,0.8448,1.6896,232.0
2751.0,0.9347,1.8694,232.0
2752.0,0.7944,1.5888,232.0
2753.0,0.825,1.6501,231.5
2754.0,0.7436,1.4873,231.5
2755.0,0.9776,1.9553,231.0
2756.0,0.8776,1.7553,232.5
2757.0,0.9432,1.8865,230.5
2758.0,0.8232,1.6464,230.0
2759.0,0.7986,1.5972,232.0
2760.0,0.7254,1.4508,229.0
2761.0,0.6184,1.2369,230.0
2762.0,0.9195,1.839,232.5
2763.0,0.8494,1.6989,230.0
2764.0,0.7989,1.5979,229.0
2765.0,0.6748,1.3496,228.5
2766.0,0.7764,1.5527,231.0
2767.0,0.8151,1.6301,232.5
2768.0,0.6672,1.3344,231.0
2769.0,0.8548,1.7096,228.5
2770.0,0.4642,0.9284,227.5
2771.0,0.8188,1.6376,230.0
2772.0,0.8827,1.7655,228.0
2773.0,0.7042,1.4084,228.0
2774.0,0.6025,1.2051,228.0
2775.0,0.7516,1.5033,229.0
2776.0,0.8622,1.7244,229.0
2777.0,0.7698,1.5397,231.0
2778.0,0.797,1.594,229.5
2779.0,0.6483,1.2967,229.0
2780.0,0.5813,1.1625,229.5
2781.0,0.6466,1.2932,228.5
2782.0,0.9214,1.8427,228.0
2783.0,0.9391,1.8783,230.5
2784.0,0.8796,1.7593,230.5
2785.0,0.8162,1.6323,228.5
2786.0,0.7756,1.5512,232.5
2787.0,0.7368,1.4735,229.0
2788.0,0.7915,1.583,227.5
2789.0,0.6717,1.3433,228.5
2790.0,0.6049,1.2099,229.0
2791.0,0.8833,1.7665,231.5
2792.0,0.823,1.646,229.0
2793.0,0.7815,1.563,231.0
2794.0,0.9319,1.8639,230.5
2795.0,0.7954,1.5908,227.5
2796.0,0.7235,1.447,227.5
2797.0,0.7317,1.4635,227.5
2798.0,0.7191,1.4381,228.0
2799.0,0.7544,1.5088,228.5
2800.0,0.8018,1.6035,231.0
2801.0,0.7184,1.4368,231.0
2802.0,0.8076,1.6151,231.0
2803.0,0.5258,1.0516,231.5
2804.0,0.4674,0.9348,231.5
2805.0,0.4736,0.9472,230.0
2806.0,0.8673,1.7347,230.0
2807.0,0.5658,1.1317,229.0
2808.0,0.8653,1.7306,232.5
2809.0,0.8624,1.7248,232.5
2810.0,0.8304,1.6608,230.0
2811.0,0.8714,1.7427,230.0
2812.0,0.8025,1.605,230.5
2813.0,0.7232,1.4463,228.0
2814.0,0.7461,1.4922,228.0
2815.0,0.9471,1.8941,228.0
2816.0,0.8994,1.7988,228.0
2817.0,0.9306,1.8612,228.0
2818.0,0.8981,1.7962,231.5
2819.0,0.7847,1.5694,229.5
2820.0,0.948,1.8959,232.0
2821.0,0.8721,1.7442,229.5
2822.0,0.7828,1.5656,230.0
2823.0,0.7075,1.415,230.0
2824.0,0.7086,1.4172,227.5
2825.0,0.7262,1.4525,231.0
2826.0,0.7336,1.4673,228.5
2827.0,0.7663,1.5325,228.5
2828.0,0.8436,1.6873,232.5
2829.0,0.5033,1.0066,232.0
2830.0,0.9358,1.8716,232.0
2831.0,0.3824,0.7649,232.5
2832.0,0.6924,1.3849,227.5
2833.0,0.8407,1.6813,228.0
2834.0,0.6495,1.2991,228.0
2835.0,0.8279,1.6557,230.0
2836.0,0.908,1.816,230.0
2837.0,0.8493,1.6986,232.0
2838.0,0.898,1.796,228.0
2839.0,0.8792,1.7584,230.5
2840.0,0.8394,1.6789,228.5
2841.0,0.4392,0.8785,231.5
2842.0,0.4455,0.8909,231.5
2843.0,0.5315,1.063,229.0
2844.0,0.7566,1.5132,229.5
2845.0,0.8534,1.7067,232.0
2846.0,0.8922,1.7845,232.0
2847.0,0.8444,1.6887,232.0
2848.0,0.8094,1.6188,232.0
2849.0,0.7376,1.4751,231.0
2850.0,0.4929,0.9857,229.0
2851.0,0.7364,1.4728,229.0
2852.0,0.6886,1.3771,231.5
2853.0,0.8361,1.6721,231.5
2854.0,0.6832,1.3664,228.0
2855.0,0.8435,1.6871,228.5
2856.0,0.8634,1.7268,228.5
2857.0,0.7574,1.5148,229.5
2858.0,0.8143,1.6286,230.5
2859.0,0.912,1.824,229.5
2860.0,0.8201,1.6401,229.5
2861.0,0.8897,1.7793,231.0
2862.0,0.7958,1.5917,228.5
2863.0,0.922,1.844,227.5
2864.0,0.9191,1.8383,232.0
2865.0,0.6751,1.3501,228.0
2866.0,0.7433,1.4866,229.5
2867.0,0.3633,0.7266,232.0
2868.0,0.8647,1.7294,228.5
2869.0,0.8087,1.6173,228.5
2870.0,0.7733,1.5466,230.5
2871.0,0.8017,1.6034,230.5
2872.0,0.8505,1.701,229.5
2873.0,0.8519,1.7038,230.5
2874.0,0.7422,1.4844,229.5
2875.0,0.7554,1.5108,229.5
2876.0,0.881,1.762,231.5
2877.0,0.6779,1.3559,231.5
2878.0,0.6238,1.2477,231.5
2879.0,0.666,1.3319,230.5
2880.0,0.594,1.188,230.5
2881.0,0.8486,1.6971,227.5
2882.0,0.7809,1.5619,232.0
2883.0,0.8561,1.7122,231.5
2884.0,0.8568,1.7135,229.0
2885.0,0.7999,1.5997,231.5
2886.0,0.7813,1.5626,227.5
2887.0,0.6932,1.3863,230.5
2888.0,0.6686,1.3373,228.5
2889.0,0.6932,1.3864,231.0
2890.0,0.5054,1.0108,232.5
2891.0,0.6158,1.2315,231.5
2892.0,0.6137,1.2274,229.5
2893.0,0.5566,1.1132,232.0
2894.0,0.8219,1.6438,232.0
2895.0,0.7317,1.4635,228.5
2896.0,0.6183,1.2366,231.5
2897.0,0.5033,1.0067,228.0
2898.0,0.4918,0.9835,232.0
2899.0,0.9146,1.8292,228.5
2900.0,0.8077,1.6153,229.0
2901.0,0.7386,1.4773,229.0
2902.0,0.6651,1.3303,232.0
2903.0,0.6835,1.3671,228.0
2904.0,0.865,1.73,232.0
2905.0,0.6123,1.2246,229.0
2906.0,0.8703,1.7406,227.5
2907.0,0.758,1.516,227.5
2908.0,0.7058,1.4116,227.5
2909.0,0.6633,1.3267,230.5
2910.0,0.5902,1.1804,227.5
2911.0,0.7969,1.5938,227.5
2912.0,0.7785,1.557,227.5
2913.0,0.7306,1.4612,231.5
2914.0,0.6085,1.217,229.0
2915.0,0.8545,1.709,229.0
2916.0,0.7673,1.5346,230.0
2917.0,0.8021,1.6041,231.0
2918.0,0.6228,1.2456,228.0
2919.0,0.7123,1.4247,228.0
2920.0,0.8878,1.7756,229.5
2921.0,0.7869,1.5738,229.5
2922.0,0.8499,1.6997,231.0
2923.0,0.6698,1.3396,230.5
2924.0,0.7458,1.4917,230.5
2925.0,0.8029,1.6057,230.5
2926.0,0.8595,1.7191,229.0
2927.0,0.7967,1.5934,229.0
2928.0,0.7434,1.4868,227.5
2929.0,0.8845,1.7689,230.5
2930.0,0.9787,1.9574,229.5
2931.0,0.7133,1.4265,230.0
2932.0,0.6479,1.2957,227.5
2933.0,0.7489,1.4979,228.0
2934.0,0.8356,1.6713,228.0
2935.0,0.9103,1.8206,231.0
2936.0,0.8625,1.725,231.0
2937.0,0.8949,1.7899,227.5
2938.0,0.8091,1.6182,227.5
2939.0,0.8476,1.6952,232.5
2940.0,0.7248,1.4495,228.5
2941.0,0.493,0.986,230.5
2942.0,0.6296,1.2593,229.5
2943.0,0.9006,1.8013,231.5
2944.0,0.5875,1.1749,230.0
2945.0,0.4839,0.9677,232.5
2946.0,0.971,1.942,230.5
2947.0,0.7593,1.5187,232.5
2948.0,0.7354,1.4708,229.5
2949.0,0.4703,0.9406,227.5
2950.0,0.7876,1.5752,228.5
2951.0,0.5717,1.1434,230.5
2952.0,0.7408,1.4816,230.5
2953.0,0.7784,1.5568,231.5
2954.0,0.7781,1.5561,228.5
2955.0,0.5189,1.0378,230.0
2956.0,0.7457,1.4914,229.5
2957.0,0.6819,1.3637,231.5
2958.0,0.5686,1.1372,229.0
2959.0,0.4849,0.9698,232.0
2960.0,0.7125,1.425,229.5
2961.0,0.8298,1.6596,232.0
2962.0,0.7487,1.4974,227.5
2963.0,0.7743,1.5486,230.0
2964.0,0.7513,1.5026,232.5
2965.0,0.7438,1.4875,232.0
2966.0,0.7939,1.5877,232.0
2967.0,0.8465,1.6929,230.0
2968.0,0.7388,1.4777,229.0
2969.0,0.836,1.6721,229.5
2970.0,0.8193,1.6386,230.0
2971.0,0.8105,1.6209,228.0
2972.0,0.7135,1.427,229.0
2973.0,0.7619,1.5238,229.0
2974.0,0.6073,1.2146,229.0
2975.0,0.7011,1.4023,230.5
2976.0,0.8009,1.6019,230.5
2977.0,0.679,1.358,228.5
2978.0,0.9155,1.831,229.5
2979.0,0.8672,1.7345,228.5
2980.0,0.8924,1.7848,227.5
2981.0,0.6087,1.2175,227.5
2982.0,0.8091,1.6181,227.5
2983.0,0.9335,1.867,227.5
2984.0,0.8957,1.7914,231.0
2985.0,0.6914,1.3828,229.0
2986.0,0.8052,1.6104,229.0
2987.0,0.8679,1.7357,231.0
2988.0,0.5798,1.1597,230.5
2989.0,0.6088,1.2175,229.0
2990.0,0.9833,1.9666,229.0
2991.0,0.5636,1.1271,228.5
2992.0,0.6559,1.3117,232.5
2993.0,0.9727,1.9453,231.0
2994.0,0.9311,1.8623,230.5
2995.0,0.6056,1.2112,232.0
2996.0,0.8695,1.739,230.0
2997.0,0.803,1.6061,228.0
2998.0,0.5644,1.1289,232.0
2999.0,0.5363,1.0725,231.5
3000.0,0.7054,1.4108,230.5
3001.0,0.7442,1.4885,231.0
3002.0,0.759,1.518,228.5
3003.0,0.8112,1.6224,228.5
3004.0,0.7172,1.4345,231.5
3005.0,0.8008,1.6016,230.5
3006.0,0.4564,0.9129,232.0
3007.0,0.7633,1.5265,232.5
3008.0,0.6645,1.329,230.5
3009.0,0.7163,1.4325,229.5
3010.0,0.4662,0.9323,232.0
3011.0,0.8363,1.6726,229.0
3012.0,0.7748,1.5496,228.5
3013.0,0.5216,1.0432,231.0
3014.0,0.8557,1.7113,228.0
3015.0,0.5415,1.0831,232.5
3016.0,0.6683,1.3366,232.0
3017.0,0.8432,1.6864,228.0
3018.0,0.5157,1.0314,230.0
3019.0,0.6829,1.3657,230.0
3020.0,0.9684,1.9369,228.5
3021.0,0.9081,1.8163,228.5
3022.0,0.889,1.7779,228.5
3023.0,0.6048,1.2097,232.5
3024.0,0.623,1.246,228.0
3025.0,0.7109,1.4219,228.0
3026.0,0.7826,1.5652,230.0
3027.0,0.7325,1.465,232.0
3028.0,0.8255,1.6509,229.0
3029.0,0.6428,1.2856,230.5
3030.0,0.7192,1.4384,230.5
3031.0,0.6512,1.3024,229.5
3032.0,0.8303,1.6606,229.5
3033.0,0.7502,1.5004,229.5
3034.0,0.8039,1.6078,231.0
3035.0,0.7739,1.5478,227.5
3036.0,0.7696,1.5391,228.0
3037.0,0.8518,1.7035,227.5
3038.0,0.7718,1.5436,232.0
3039.0,0.9601,1.9201,231.5
3040.0,0.9185,1.8369,229.5
3041.0,0.6523,1.3046,232.5
3042.0,0.7854,1.5708,230.0
3043.0,0.7145,1.429,230.0
3044.0,0.3681,0.7362,228.0
3045.0,0.4734,0.9468,230.5
3046.0,0.7169,1.4338,228.0
3047.0,0.95,1.9,232.0
3048.0,0.8583,1.7166,229.5
3049.0,0.9158,1.8315,228.5
3050.0,0.7429,1.4858,229.0
3051.0,0.6953,1.3906,229.0
3052.0,0.7102,1.4203,228.5
3053.0,0.6759,1.3518,230.0
3054.0,0.3819,0.7638,230.0
3055.0,0.604,1.2081,232.5
3056.0,0.6342,1.2685,231.5
3057.0,0.8528,1.7055,232.5
3058.0,0.3433,0.6865,228.0
3059.0,0.9253,1.8505,231.0
3060.0,0.8854,1.7709,232.0
3061.0,0.8709,1.7418,232.0
3062.0,0.5925,1.185,232.0
3063.0,0.9623,1.9245,231.0
3064.0,0.9465,1.8931,231.0
3065.0,0.7884,1.5769,227.5
3066.0,0.544,1.0881,228.0
3067.0,0.8316,1.6632,228.5
3068.0,0.8715,1.7429,227.5
3069.0,0.4541,0.9082,232.5
3070.0,0.5084,1.0168,232.5
3071.0,0.7115,1.423,228.5
3072.0,0.8147,1.6293,229.5
3073.0,0.8104,1.6208,229.5
3074.0,0.9108,1.8215,227.5
3075.0,0.8237,1.6475,228.0
3076.0,0.8967,1.7934,231.0
3077.0,0.6051,1.2103,230.5
3078.0,0.7954,1.5907,231.0
3079.0,0.842,1.6839,231.0
3080.0,0.504,1.0079,230.5
3081.0,0.838,1.6759,229.5
3082.0,0.5989,1.1978,231.5
3083.0,0.7883,1.5767,231.5
3084.0,0.7955,1.5909,231.5
3085.0,0.8852,1.7704,229.0
3086.0,0.8964,1.7928,229.5
3087.0,0.7245,1.449,232.5
3088.0,0.8718,1.7436,232.5
3089.0,0.7719,1.5437,232.0
3090.0,0.6199,1.2398,231.0
3091.0,0.7998,1.5996,231.0
3092.0,0.9814,1.9628,231.0
3093.0,0.7652,1.5304,228.0
3094.0,0.6964,1.3928,231.5
3095.0,0.888,1.7761,231.5
3096.0,0.7238,1.4476,229.0
3097.0,0.3222,0.6444,231.0
3098.0,0.5333,1.0666,230.5
3099.0,0.4559,0.9118,229.5
3100.0,0.5921,1.1842,232.0
3101.0,0.6753,1.3506,230.0
3102.0,0.4716,0.9432,229.0
3103.0,0.6838,1.3676,231.0
3104.0,0.6865,1.373,231.0
3105.0,0.696,1.3921,232.5
3106.0,0.7164,1.4328,230.0
3107.0,0.8143,1.6286,231.5
3108.0,0.8782,1.7564,231.5
3109.0,0.6477,1.2955,231.0
3110.0,0.6191,1.2383,227.5
3111.0,0.6834,1.3669,229.0
3112.0,0.5484,1.0967,230.0
3113.0,0.7834,1.5667,228.0
3114.0,0.7728,1.5457,232.0
3115.0,0.8248,1.6497,228.5
3116.0,0.7526,1.5051,231.0
3117.0,0.6902,1.3804,230.5
3118.0,0.6342,1.2684,232.0
3119.0,0.5293,1.0587,229.0
3120.0,0.7211,1.4422,227.5
3121.0,0.8323,1.6646,232.0
3122.0,0.535,1.07,227.5
3123.0,0.9008,1.8016,228.0
3124.0,0.7152,1.4304,228.0
3125.0,0.8694,1.7389,229.0
3126.0,0.6354,1.2708,230.0
3127.0,0.8456,1.6911,228.0
3128.0,0.7883,1.5766,230.0
3129.0,0.768,1.5359,230.0
3130.0,0.7318,1.4636,232.0
3131.0,0.9727,1.9454,232.0
3132.0,0.6337,1.2674,229.5
3133.0,0.6546,1.3091,229.0
3134.0,0.7584,1.5167,230.0
3135.0,0.602,1.204,231.5
3136.0,0.4795,0.959,230.5
3137.0,0.6463,1.2926,227.5
3138.0,0.8702,1.7404,227.5
3139.0,0.6399,1.2798,227.5
3140.0,0.6901,1.3802,231.0
3141.0,0.7774,1.5548,229.5
3142.0,0.7794,1.5589,229.5
3143.0,0.6652,1.3304,228.0
3144.0,0.5437,1.0875,230.0
3145.0,0.7255,1.4509,227.5
3146.0,0.8982,1.7963,228.5
3147.0,0.9159,1.8318,228.5
3148.0,0.9427,1.8853,229.0
3149.0,0.671,1.3421,229.0
3150.0,0.6327,1.2654,229.0
3151.0,0.8472,1.6944,230.5
3152.0,0.7826,1.5651,227.5
3153.0,0.8366,1.6731,228.0
3154.0,0.7439,1.4877,231.5
3155.0,0.6623,1.3247,230.0
3156.0,0.8403,1.6805,229.0
3157.0,0.8767,1.7534,229.0
3158.0,0.9355,1.8709,232.5
3159.0,0.5918,1.1836,231.0
3160.0,0.6513,1.3026,231.0
3161.0,0.5092,1.0184,227.5
3162.0,0.7357,1.4714,227.5
3163.0,0.8351,1.6703,232.5
3164.0,0.7435,1.4871,228.0
3165.0,0.6714,1.3428,228.5
3166.0,0.6013,1.2025,227.5
3167.0,0.6849,1.3699,230.0
3168.0,0.7032,1.4064,228.0
3169.0,0.8015,1.603,231.5
3170.0,0.564,1.128,231.5
3171.0,0.6112,1.2224,230.0
3172.0,0.6104,1.2208,231.5
3173.0,0.6378,1.2757,229.0
3174.0,0.5001,1.0001,229.0
3175.0,0.6766,1.3532,230.5
3176.0,0.6448,1.2896,232.5
3177.0,0.9785,1.957,231.5
3178.0,0.8685,1.7369,229.5
3179.0,0.7396,1.4792,229.5
3180.0,0.8917,1.7834,231.5
3181.0,0.7408,1.4816,230.0
3182.0,0.6522,1.3044,230.0
3183.0,0.8015,1.6031,232.0
3184.0,0.7334,1.4669,232.5
3185.0,0.6706,1.3411,228.0
3186.0,0.6833,1.3667,230.5
3187.0,0.5405,1.081,228.0
3188.0,0.4174,0.8348,227.5
3189.0,0.7097,1.4194,231.0
3190.0,0.7866,1.5732,228.0
3191.0,0.8714,1.7428,228.0
3192.0,0.8109,1.6217,232.5
3193.0,0.5702,1.1404,229.0
3194.0,0.8647,1.7294,228.5
3195.0,0.6409,1.2818,230.0
3196.0,0.7671,1.5341,232.5
3197.0,0.8667,1.7334,232.5
3198.0,0.8881,1.7762,232.5
3199.0,0.9361,1.8722,229.0
3200.0,0.7557,1.5115,229.0
3201.0,0.7248,1.4496,230.5
3202.0,0.9244,1.8487,231.0
3203.0,0.4101,0.8203,228.5
3204.0,0.5444,1.0889,228.5
3205.0,0.8122,1.6244,231.5
3206.0,0.8745,1.7491,231.5
3207.0,0.7984,1.5968,230.5
3208.0,0.6602,1.3205,228.5
3209.0,0.7509,1.5017,227.5
3210.0,0.9321,1.8641,227.5
3211.0,0.971,1.942,227.5
3212.0,0.778,1.5561,227.5
3213.0,0.6553,1.3105,230.5
3214.0,0.8486,1.6971,230.0
3215.0,0.7317,1.4634,230.0
3216.0,0.8346,1.6691,230.0
3217.0,0.6075,1.2151,232.0
3218.0,0.5545,1.1089,230.0
3219.0,0.9674,1.9348,227.5
3220.0,0.841,1.6819,229.0
3221.0,0.7505,1.501,232.0
3222.0,0.6693,1.3385,229.5
3223.0,0.7833,1.5666,229.5
3224.0,0.8272,1.6545,231.5
3225.0,0.8735,1.7469,227.5
3226.0,0.5582,1.1163,228.5
3227.0,0.6577,1.3154,230.0
3228.0,0.6834,1.3667,231.0
3229.0,0.6815,1.3631,232.0
3230.0,0.6273,1.2546,229.5
3231.0,0.5489,1.0978,230.0
3232.0,0.6915,1.3829,228.5
3233.0,0.691,1.3821,228.0
3234.0,0.5988,1.1975,231.5
3235.0,0.8973,1.7946,230.0
3236.0,0.9141,1.8281,230.0
3237.0,0.8264,1.6528,228.5
3238.0,0.8312,1.6624,227.5
3239.0,0.7551,1.5102,232.5
3240.0,0.7035,1.4071,229.0
3241.0,0.7657,1.5313,232.0
3242.0,0.8265,1.653,232.5
3243.0,0.8051,1.6103,229.0
3244.0,0.8281,1.6562,232.5
3245.0,0.7083,1.4166,228.5
3246.0,0.7818,1.5636,229.0
3247.0,0.9304,1.8608,230.5
3248.0,0.6673,1.3347,228.5
3249.0,0.5784,1.1569,232.5
3250.0,0.7167,1.4335,227.5
3251.0,0.616,1.2321,232.0
3252.0,0.4721,0.9442,230.5
3253.0,0.3331,0.6662,229.0
3254.0,0.9289,1.8579,229.5
3255.0,0.7323,1.4646,229.5
3256.0,0.6736,1.3472,229.5
3257.0,0.6445,1.289,232.5
3258.0,0.6311,1.2623,232.0
3259.0,0.8822,1.7645,231.0
3260.0,0.8799,1.7598,231.0
3261.0,0.9563,1.9127,229.0
3262.0,0.5313,1.0626,228.0
3263.0,0.8192,1.6385,231.0
3264.0,0.4953,0.9906,231.0
3265.0,0.8768,1.7536,232.5
3266.0,0.9176,1.8353,231.5
3267.0,0.4884,0.9769,228.5
3268.0,0.6766,1.3533,228.5
3269.0,0.8405,1.681,230.0
3270.0,0.8763,1.7527,228.5
3271.0,0.7531,1.5061,228.5
3272.0,0.7876,1.5752,228.5
3273.0,0.8787,1.7575,227.5
3274.0,0.8422,1.6843,231.0
3275.0,0.691,1.3819,231.0
3276.0,0.542,1.0841,230.5
3277.0,0.3592,0.7183,232.5
3278.0,0.4468,0.8937,231.0
3279.0,0.7955,1.5909,227.5
3280.0,0.7652,1.5305,227.5
3281.0,0.6961,1.3923,228.5
3282.0,0.7676,1.5353,232.0
3283.0,0.668,1.3361,231.5
3284.0,0.5549,1.1099,228.5
3285.0,0.5422,1.0843,229.0
3286.0,0.8164,1.6327,230.5
3287.0,0.8357,1.6713,229.0
3288.0,0.8303,1.6605,228.0
3289.0,0.8455,1.691,228.0
3290.0,0.7709,1.5418,228.0
3291.0,0.8781,1.7563,232.0
3292.0,0.8274,1.6548,232.5
3293.0,0.7205,1.441,231.5
3294.0,0.7593,1.5187,228.5
3295.0,0.7481,1.4961,228.0
3296.0,0.5334,1.0667,231.0
3297.0,0.7647,1.5295,231.0
3298.0,0.799,1.5981,232.5
3299.0,0.6992,1.3983,231.0
3300.0,0.7142,1.4283,231.0
3301.0,0.7772,1.5544,228.5
3302.0,0.7219,1.4438,228.5
3303.0,0.6811,1.3622,228.0
3304.0,0.7275,1.4549,229.5
3305.0,0.9163,1.8326,231.0
3306.0,0.734,1.4679,227.5
3307.0,0.8058,1.6116,227.5
3308.0,0.9242,1.8483,227.5
3309.0,0.9113,1.8226,232.0
3310.0,0.5285,1.0569,229.5
3311.0,0.7517,1.5034,229.5
3312.0,0.4546,0.9091,231.5
3313.0,0.6845,1.3689,232.5
3314.0,0.8162,1.6325,232.0
3315.0,0.6637,1.3275,228.5
3316.0,0.737,1.474,228.5
3317.0,0.585,1.1701,230.0
3318.0,0.7847,1.5694,228.0
3319.0,0.8537,1.7074,228.5
3320.0,0.8899,1.7799,228.5
3321.0,0.6819,1.3639,231.0
3322.0,0.8522,1.7044,230.5
3323.0,0.8102,1.6204,230.5
3324.0,0.5857,1.1715,230.0
3325.0,0.8303,1.6606,232.5
3326.0,0.8815,1.763,228.5
3327.0,0.6313,1.2627,230.0
3328.0,0.7083,1.4166,228.0
3329.0,0.5648,1.1297,228.0
3330.0,0.8698,1.7397,228.0
3331.0,0.5655,1.131,228.5
3332.0,0.5093,1.0187,230.5
3333.0,0.5732,1.1465,229.0
3334.0,0.6564,1.3127,230.0
3335.0,0.8116,1.6232,229.0
3336.0,0.795,1.5899,232.5
3337.0,0.7532,1.5065,232.0
3338.0,0.5636,1.1272,228.5
3339.0,0.9138,1.8275,231.5
3340.0,0.8171,1.6342,230.5
3341.0,0.8122,1.6245,232.5
3342.0,0.9257,1.8514,228.5
3343.0,0.9741,1.9482,228.5
3344.0,0.7794,1.5588,230.0
3345.0,0.8763,1.7527,231.5
3346.0,0.7494,1.4989,232.5
3347.0,0.842,1.6841,228.0
3348.0,0.6769,1.3538,227.5
3349.0,0.7251,1.4502,232.0
3350.0,0.8095,1.6191,231.5
3351.0,0.8082,1.6164,229.5
3352.0,0.6439,1.2879,229.5
3353.0,0.7106,1.4212,229.5
3354.0,0.6314,1.2627,231.0
3355.0,0.5869,1.1737,227.5
3356.0,0.932,1.8639,231.5
3357.0,0.8264,1.6529,228.5
3358.0,0.6974,1.3948,229.0
3359.0,0.5775,1.155,228.5
3360.0,0.926,1.852,232.0
3361.0,0.5309,1.0618,231.0
3362.0,0.774,1.548,228.5
3363.0,0.7634,1.5268,231.5
3364.0,0.6204,1.2408,232.5
3365.0,0.5496,1.0992,232.5
3366.0,0.7408,1.4816,228.0
3367.0,0.9771,1.9541,231.5
3368.0,0.9379,1.8758,228.5
3369.0,0.917,1.834,231.5
3370.0,0.7245,1.449,232.0
3371.0,0.8526,1.7052,228.5
3372.0,0.6548,1.3095,228.5
3373.0,0.8021,1.6042,229.5
3374.0,0.381,0.7619,229.5
3375.0,0.6317,1.2634,229.5
3376.0,0.5523,1.1047,231.0
3377.0,0.7991,1.5982,230.0
3378.0,0.9113,1.8227,228.0
3379.0,0.8653,1.7307,228.0
3380.0,0.8444,1.6888,228.0
3381.0,0.6896,1.3791,228.0
3382.0,0.6291,1.2582,232.0
3383.0,0.6194,1.2388,229.5
3384.0,0.7607,1.5214,229.5
3385.0,0.9291,1.8582,228.5
3386.0,0.785,1.5699,227.5
3387.0,0.8122,1.6244,232.5
3388.0,0.6987,1.3973,229.0
3389.0,0.504,1.0081,227.5
3390.0,0.559,1.1179,228.0
3391.0,0.7975,1.595,228.0
3392.0,0.875,1.75,232.5
3393.0,0.5712,1.1424,230.5
3394.0,0.8352,1.6704,230.5
3395.0,0.6761,1.3521,230.5
3396.0,0.9394,1.8787,231.0
3397.0,0.7907,1.5813,231.0
3398.0,0.7686,1.5372,227.5
3399.0,0.824,1.648,232.0
3400.0,0.8229,1.6458,228.5
3401.0,0.9535,1.907,229.0
3402.0,0.8943,1.7886,229.0
3403.0,0.741,1.482,232.0
3404.0,0.8104,1.6208,230.5
3405.0,0.6134,1.2268,229.5
3406.0,0.6457,1.2915,229.5
3407.0,0.7978,1.5957,232.5
3408.0,0.7868,1.5736,228.5
3409.0,0.7421,1.4843,229.5
3410.0,0.7702,1.5405,231.5
3411.0,0.7046,1.4092,231.5
3412.0,0.8191,1.6383,229.0
3413.0,0.4906,0.9812,229.0
3414.0,0.8032,1.6065,228.0
3415.0,0.8456,1.6913,228.5
3416.0,0.5376,1.0752,232.5
3417.0,0.6931,1.3862,232.0
3418.0,0.8493,1.6986,232.0
3419.0,0.7194,1.4388,229.0
3420.0,0.7909,1.5818,230.0
3421.0,0.8522,1.7045,231.5
3422.0,0.8627,1.7253,230.0
3423.0,0.9551,1.9102,231.5
3424.0,0.7006,1.4013,228.5
3425.0,0.9361,1.8721,229.5
3426.0,0.6292,1.2584,232.5
3427.0,0.8409,1.6817,231.5
3428.0,0.8128,1.6255,229.0
3429.0,0.3868,0.7736,228.5
3430.0,0.5064,1.0127,231.5
3431.0,0.7961,1.5923,228.0
3432.0,0.8973,1.7946,228.0
3433.0,0.8119,1.6239,228.0
3434.0,0.7862,1.5724,228.0
3435.0,0.5649,1.1298,231.0
3436.0,0.8528,1.7057,231.5
3437.0,0.8626,1.7251,228.5
3438.0,0.816,1.6319,228.5
3439.0,0.6823,1.3647,229.0
3440.0,0.8354,1.6709,232.0
3441.0,0.6528,1.3057,231.0
3442.0,0.7372,1.4745,228.0
3443.0,0.7667,1.5335,229.0
3444.0,0.6418,1.2835,231.0
3445.0,0.6328,1.2656,231.0
3446.0,0.8177,1.6354,231.0
3447.0,0.6496,1.2993,230.0
3448.0,0.3718,0.7437,227.5
3449.0,0.707,1.4141,229.5
3450.0,0.5082,1.0165,229.0
3451.0,0.767,1.5339,230.0
3452.0,0.8074,1.6147,230.0
3453.0,0.705,1.4101,227.5
3454.0,0.8027,1.6055,227.5
3455.0,0.8589,1.7177,230.0
3456.0,0.7594,1.5188,230.5
3457.0,0.7922,1.5844,230.0
3458.0,0.6835,1.367,232.0
3459.0,0.9167,1.8334,230.5
3460.0,0.7964,1.5929,229.0
3461.0,0.8652,1.7304,229.0
3462.0,0.8479,1.6957,229.0
3463.0,0.8299,1.6597,230.0
3464.0,0.7103,1.4206,230.5
3465.0,0.8071,1.6142,229.5
3466.0,0.7816,1.5632,230.5
3467.0,0.7148,1.4296,227.5
3468.0,0.5306,1.0612,228.5
3469.0,0.4508,0.9017,228.0
3470.0,0.4935,0.987,232.0
3471.0,0.8789,1.7578,230.5
3472.0,0.852,1.704,228.5
3473.0,0.6986,1.3971,230.0
3474.0,0.4084,0.8169,229.0
3475.0,0.8239,1.6477,230.5
3476.0,0.624,1.2479,228.0
3477.0,0.6338,1.2676,228.5
3478.0,0.6962,1.3924,228.5
3479.0,0.8292,1.6584,231.5
3480.0,0.8599,1.7197,232.0
3481.0,0.8697,1.7393,232.5
3482.0,0.9183,1.8366,232.5
3483.0,0.8529,1.7058,229.0
3484.0,0.7976,1.5952,231.5
3485.0,0.926,1.852,230.5
3486.0,0.8675,1.7351,228.5
3487.0,0.6752,1.3505,227.5
3488.0,0.8292,1.6583,229.0
3489.0,0.5665,1.133,232.0
3490.0,0.917,1.8339,229.5
3491.0,0.5341,1.0683,229.0
3492.0,0.5513,1.1026,231.5
3493.0,0.6962,1.3924,231.0
3494.0,0.9056,1.8113,230.5
3495.0,0.7817,1.5635,231.0
3496.0,0.7919,1.5838,232.5
3497.0,0.8458,1.6917,231.5
3498.0,0.8708,1.7415,232.5
3499.0,0.686,1.372,232.5
3500.0,0.6986,1.3973,229.5
3501.0,0.9159,1.8317,231.0
3502.0,0.8668,1.7337,229.0
3503.0,0.8747,1.7494,229.0
3504.0,0.6318,1.2636,229.0
3505.0,0.7506,1.5011,231.0
3506.0,0.9081,1.8163,231.0
3507.0,0.8163,1.6325,231.0
3508.0,0.9212,1.8424,231.0
3509.0,0.5418,1.0835,232.5
3510.0,0.7364,1.4728,227.5
3511.0,0.4047,0.8094,227.5
3512.0,0.8487,1.6974,230.0
3513.0,0.8658,1.7316,229.0
3514.0,0.9748,1.9496,229.0
3515.0,0.7123,1.4246,230.5
3516.0,0.7508,1.5016,227.5
3517.0,0.929,1.8581,232.0
3518.0,0.6727,1.3453,232.0
3519.0,0.7557,1.5113,232.0
3520.0,0.8278,1.6557,230.0
3521.0,0.8547,1.7094,230.0
3522.0,0.8736,1.7472,230.0
3523.0,0.5765,1.1531,228.5
3524.0,0.4025,0.805,232.0
3525.0,0.7178,1.4357,232.0
3526.0,0.5716,1.1432,229.0
3527.0,0.7613,1.5225,228.0
3528.0,0.7527,1.5053,232.5
3529.0,0.7499,1.4999,228.5
3530.0,0.65,1.3,232.0
3531.0,0.4067,0.8133,231.5
3532.0,0.9001,1.8002,228.5
3533.0,0.899,1.798,231.5
3534.0,0.8377,1.6755,230.0
3535.0,0.4674,0.9348,227.5
3536.0,0.9197,1.8394,228.5
3537.0,0.6784,1.3568,228.0
3538.0,0.8426,1.6852,228.0
3539.0,0.8453,1.6905,228.0
3540.0,0.8068,1.6137,231.5
3541.0,0.5298,1.0595,228.0
3542.0,0.7807,1.5614,232.0
3543.0,0.646,1.2921,228.5
3544.0,0.8416,1.6832,231.0
3545.0,0.564,1.128,232.0
3546.0,0.8585,1.7171,227.5
3547.0,0.8125,1.6249,228.0
3548.0,0.5394,1.0789,228.0
3549.0,0.6949,1.3897,227.5
3550.0,0.4297,0.8593,231.0
3551.0,0.39,0.78,232.0
3552.0,0.7918,1.5836,228.0
3553.0,0.8346,1.6692,228.0
3554.0,0.7503,1.5006,232.0
3555.0,0.8026,1.6053,232.0
3556.0,0.7388,1.4775,232.0
3557.0,0.6975,1.3951,229.5
3558.0,0.7329,1.4659,228.0
3559.0,0.7259,1.4519,231.5
3560.0,0.715,1.43,232.5
3561.0,0.7575,1.5151,227.5
3562.0,0.7675,1.535,227.5
3563.0,0.8631,1.7261,228.5
3564.0,0.9357,1.8714,231.0
3565.0,0.8305,1.6609,231.0
3566.0,0.6655,1.331,228.0
3567.0,0.4625,0.9251,228.5
3568.0,0.8897,1.7794,229.5
3569.0,0.7953,1.5905,229.0
3570.0,0.7765,1.5529,227.5
3571.0,0.6536,1.3072,231.0
3572.0,0.6192,1.2384,229.5
3573.0,0.3444,0.6888,228.5
3574.0,0.9029,1.8057,227.5
3575.0,0.8659,1.7318,232.0
3576.0,0.9438,1.8877,230.5
3577.0,0.7845,1.569,227.5
3578.0,0.7378,1.4757,230.0
3579.0,0.8299,1.6599,229.5
3580.0,0.7432,1.4865,230.0
3581.0,0.7139,1.4279,229.5
3582.0,0.8521,1.7043,229.0
3583.0,0.7516,1.5032,231.5
3584.0,0.6559,1.3118,229.5
3585.0,0.9045,1.8089,231.0
3586.0,0.7804,1.5609,227.5
3587.0,0.5094,1.0189,231.5
3588.0,0.4259,0.8518,232.5
3589.0,0.7726,1.5453,232.5
3590.0,0.6972,1.3944,232.5
3591.0,0.8813,1.7627,228.5
3592.0,0.7869,1.5738,228.5
3593.0,0.7312,1.4623,231.0
3594.0,0.656,1.312,232.0
3595.0,0.7389,1.4779,229.5
3596.0,0.6208,1.2416,230.0
3597.0,0.8271,1.6542,230.5
3598.0,0.5715,1.143,230.0
3599.0,0.8069,1.6138,230.0
3600.0,0.9576,1.9152,232.0
3601.0,0.8226,1.6451,232.0
3602.0,0.7792,1.5585,229.5
3603.0,0.6903,1.3806,228.0
3604.0,0.7461,1.4923,229.5
3605.0,0.5772,1.1543,230.0
3606.0,0.6607,1.3213,232.5
3607.0,0.8178,1.6357,229.0
3608.0,0.858,1.716,232.5
3609.0,0.6801,1.3601,232.5
3610.0,0.8072,1.6144,229.0
3611.0,0.9393,1.8786,229.0
3612.0,0.8867,1.7735,229.0
3613.0,0.7422,1.4844,230.0
3614.0,0.8311,1.6622,230.0
3615.0,0.8856,1.7713,227.5
3616.0,0.7448,1.4896,230.0
3617.0,0.6322,1.2645,229.5
3618.0,0.6227,1.2453,230.5
3619.0,0.6277,1.2554,228.5
3620.0,0.6469,1.2938,232.5
3621.0,0.4834,0.9668,230.5
3622.0,0.6161,1.2323,230.0
3623.0,0.7264,1.4528,232.5
3624.0,0.7936,1.5871,230.5
3625.0,0.8949,1.7899,229.0
3626.0,0.5548,1.1095,232.5
3627.0,0.9556,1.9111,228.0
3628.0,0.9292,1.8584,228.0
3629.0,0.6576,1.3153,228.0
3630.0,0.7332,1.4665,228.0
3631.0,0.6552,1.3104,228.0
3632.0,0.702,1.404,228.5
3633.0,0.5145,1.029,231.0
3634.0,0.6943,1.3887,232.0
3635.0,0.6712,1.3424,232.0
3636.0,0.7401,1.4802,229.0
3637.0,0.6907,1.3814,229.0
3638.0,0.6132,1.2264,231.5
3639.0,0.5735,1.147,229.5
3640.0,0.7237,1.4475,229.0
3641.0,0.949,1.8979,231.0
3642.0,0.7342,1.4684,231.0
3643.0,0.615,1.23,231.5
3644.0,0.8433,1.6867,232.0
3645.0,0.7834,1.5667,229.5
3646.0,0.8089,1.6178,232.0
3647.0,0.74,1.4799,232.0
3648.0,0.7859,1.5717,231.5
3649.0,0.9187,1.8374,232.5
3650.0,0.7753,1.5506,232.0
3651.0,0.9483,1.8966,232.0
3652.0,0.9168,1.8336,229.5
3653.0,0.8963,1.7927,227.5
3654.0,0.7133,1.4266,231.5
3655.0,0.8363,1.6726,231.5
3656.0,0.6258,1.2517,232.0
3657.0,0.5547,1.1095,230.0
3658.0,0.5169,1.0338,228.0
3659.0,0.6731,1.3463,227.5
3660.0,0.5377,1.0754,227.5
3661.0,0.7949,1.5899,231.0
3662.0,0.8804,1.7608,230.0
3663.0,0.9607,1.9214,232.0
3664.0,0.944,1.888,232.0
3665.0,0.6919,1.3837,228.0
3666.0,0.6436,1.2872,232.5
3667.0,0.5737,1.1475,229.0
3668.0,0.3315,0.663,232.0
3669.0,0.6235,1.247,228.5
3670.0,0.7891,1.5782,230.0
3671.0,0.7759,1.5518,230.5
3672.0,0.9554,1.9108,232.5
3673.0,0.735,1.47,228.5
3674.0,0.8718,1.7437,231.5
3675.0,0.9313,1.8626,229.5
3676.0,0.8894,1.7787,229.5
3677.0,0.7402,1.4803,230.5
3678.0,0.6053,1.2105,228.0
3679.0,0.5717,1.1435,229.5
3680.0,0.8178,1.6356,228.0
3681.0,0.7734,1.5468,229.0
3682.0,0.6404,1.2808,228.0
3683.0,0.6729,1.3457,232.5
3684.0,0.7239,1.4478,230.0
3685.0,0.8731,1.7462,230.5
3686.0,0.7765,1.5529,230.5
3687.0,0.9266,1.8533,231.5
3688.0,0.8691,1.7382,231.5
3689.0,0.5699,1.1398,231.0
3690.0,0.8087,1.6174,229.0
3691.0,0.9577,1.9154,230.0
3692.0,0.9043,1.8086,231.5
3693.0,0.9468,1.8936,232.0
3694.0,0.8485,1.697,232.0
3695.0,0.7776,1.5552,227.5
3696.0,0.6025,1.2049,228.5
3697.0,0.8167,1.6334,228.0
3698.0,0.6021,1.2043,228.5
3699.0,0.9629,1.9258,227.5
3700.0,0.7239,1.4478,227.5
3701.0,0.7004,1.4008,232.0
3702.0,0.8018,1.6036,228.0
3703.0,0.5268,1.0537,231.5
3704.0,0.7199,1.4399,231.5
3705.0,0.9519,1.9039,227.5
3706.0,0.5308,1.0616,227.5
3707.0,0.7129,1.4258,229.0
3708.0,0.8224,1.6449,228.0
3709.0,0.9168,1.8335,228.5
3710.0,0.6345,1.2691,229.5
